,Name,Clean Sheets,Goals Conceded,Own Goals,Saves,Cost,Points
0,full name,Clean Sheets,Conceded,Own Goals,Saves,Cost,Total Points
1,david ospina,2,3,0,9,48,19
2,petr cech,11,48,0,90,53,124
3,damian emiliano martinez,0,0,0,0,40,0
4,laurent koscielny,9,32,0,0,60,100
5,per mertesacker,0,7,0,0,47,16
6,gabriel armando de abreu,0,0,0,0,50,0
7,hector bellerin,12,44,0,0,59,132
8,kieran gibbs,8,44,0,0,50,86
9,carl jenkinson,0,0,0,0,45,0
10,nacho monreal,10,29,0,0,57,130
11,rob holding,3,17,0,0,44,27
12,shkodran mustafi,10,30,0,0,54,109
13,sead kolasinac,10,30,0,0,58,108
14,alexis sanchez,11,32,0,0,114,152
15,theo walcott,4,17,0,0,66,62
16,mesut ozil,8,36,0,0,93,112
17,santiago cazorla,0,0,0,0,69,0
18,aaron ramsey,9,25,0,0,68,130
19,alex oxlade-chamberlain,5,28,0,0,55,94
20,francis coquelin,0,6,0,0,43,7
21,alex iwobi,9,26,0,0,51,89
22,mohamed elneny,3,12,0,0,42,22
23,granit xhaka,12,50,0,0,51,109
24,jack wilshere,4,16,0,0,50,46
25,olivier giroud,5,11,0,0,84,77
26,danny welbeck,4,21,0,0,73,70
27,lucas perez,0,0,0,0,74,0
28,alexandre lacazette,10,28,0,0,103,138
29,asmir begovic,6,61,0,111,45,112
30,artur boruc,0,0,0,0,41,0
31,adam federici,0,0,0,0,40,0
32,simon francis,4,47,0,0,43,56
33,steve cook,5,53,1,0,46,83
34,charlie daniels,6,50,0,0,47,94
35,adam smith,2,38,0,0,48,56
36,tyrone mings,0,5,0,0,42,3
37,bradley smith,0,0,0,0,39,0
38,nathan ake,6,59,0,0,50,102
39,harry arter,3,13,0,0,47,27
40,marc pugh,5,17,0,0,47,32
41,andrew surman,5,29,0,0,43,82
42,junior stanislas,2,22,0,0,57,75
43,dan gosling,1,41,0,0,48,59
44,max gradel,0,0,0,0,50,0
45,jordon ibe,4,33,0,0,46,85
46,lewis cook,3,42,0,0,43,58
47,ryan fraser,2,38,0,0,51,97
48,callum wilson,6,33,0,0,56,102
49,benik afobe,0,12,0,0,57,24
50,lys mousset,1,16,0,0,49,36
51,joshua king,7,38,0,0,70,110
52,jermain defoe,2,21,0,0,76,60
53,niki maenpaa,0,0,0,0,39,0
54,mathew ryan,10,54,0,124,46,146
55,lewis dunk,10,54,4,0,45,97
56,shane duffy,10,52,0,0,46,100
57,uwe hunemeier,0,1,0,0,38,1
58,bruno saltor grau,10,23,0,0,45,84
59,gaetan bong,6,36,1,0,44,63
60,liam rosenior,0,3,0,0,39,3
61,connor goldson,1,5,0,0,39,6
62,anthony knockaert,11,29,0,0,55,88
63,dale stephens,10,50,0,0,45,87
64,beram kayal,1,14,0,0,44,25
65,steve sidwell,0,0,0,0,42,0
66,solomon march,6,29,0,0,48,74
67,jiri skalak,0,0,0,0,47,0
68,oliver norwood,0,0,0,0,45,0
69,jamie murphy,0,4,0,0,47,6
70,pascal groß,10,46,0,0,59,164
71,glenn murray,8,36,0,0,59,111
72,tomer hemed,3,8,0,0,46,43
73,sam baldock,0,1,0,0,49,2
74,tom heaton,0,4,0,8,47,8
75,paul robinson,0,0,0,0,45,0
76,matthew lowton,8,26,0,0,44,89
77,ben mee,9,27,0,0,49,90
78,stephen ward,9,27,0,0,48,102
79,james tarkowski,11,30,0,0,46,101
80,kevin long,4,21,1,0,41,57
81,charlie taylor,2,12,0,0,42,23
82,scott arfield,6,15,0,0,49,56
83,dean marney,0,0,0,0,44,0
84,johann berg gudmundsson,10,33,0,0,50,117
85,steven defour,12,17,0,0,54,62
86,jeff hendrick,9,28,0,0,54,85
87,robbie brady,6,12,0,0,53,56
88,ashley westwood,2,17,0,0,43,35
89,jonathan walters,0,2,0,0,51,3
90,jack cork,12,39,0,0,45,100
91,sam vokes,2,16,0,0,57,63
92,andre gray,5,30,0,0,63,79
93,ashley barnes,5,23,0,0,53,92
94,thibaut courtois,15,34,0,77,53,136
95,eduardo dos reis carvalho,0,0,0,0,47,0
96,willy caballero,1,4,0,7,48,11
97,cesar azpilicueta,15,38,1,0,69,175
98,gary cahill,9,27,0,0,62,74
99,kurt zouma,7,50,0,0,54,87
100,marcos alonso,13,30,0,0,71,165
101,david luiz moreira marinho,3,13,0,0,57,32
102,victor moses,11,20,0,0,65,131
103,antonio rudiger,12,22,0,0,58,115
104,eden hazard,12,27,0,0,105,173
105,cesc fabregas,11,26,0,0,68,89
106,willian borges da silva,9,19,0,0,70,130
107,nemanja matic,16,26,0,0,47,91
108,ruben loftus-cheek,6,30,0,0,44,77
109,pedro rodriguez ledesma,8,14,0,0,77,81
110,robert kenedy nunes do nascimento,6,9,0,0,48,51
111,n’golo kante,16,32,0,0,49,101
112,nathaniel chalobah,3,7,0,0,42,13
113,michy batshuayi,1,7,1,0,81,25
114,diego da silva costa,0,0,0,0,95,0
115,wayne hennessey,7,41,0,91,44,99
116,julian speroni,2,14,0,30,40,36
117,james tomkins,9,32,0,0,44,99
118,scott dann,1,26,0,0,46,32
119,joel ward,4,25,1,0,47,41
120,martin kelly,4,21,1,0,41,34
121,damien delaney,0,5,0,0,42,1
122,pape souare,0,0,0,0,45,1
123,jeffrey schlupp,3,30,0,0,47,50
124,patrick van aanholt,6,38,0,0,52,95
125,jason puncheon,0,14,0,0,44,11
126,wilfried zaha,10,31,0,0,71,136
127,james mcarthur,7,35,0,0,44,101
128,chung-yong lee,0,3,0,0,42,8
129,yohan cabaye,8,36,0,0,53,73
130,bakary sako,1,10,0,0,48,36
131,andros townsend,9,48,0,0,56,121
132,luka milivojevic,8,52,0,0,52,144
133,connor wickham,0,0,0,0,54,0
134,christian benteke,6,36,0,0,75,84
135,jordan pickford,10,58,0,121,49,145
136,joel robles,0,0,0,0,42,0
137,maarten stekelenburg,0,0,0,0,42,0
138,leighton baines,5,34,0,0,57,82
139,seamus coleman,4,12,0,0,64,39
140,phil jagielka,6,39,0,0,47,60
141,matthew pennington,0,0,0,0,40,0
142,ramiro funes mori,0,2,0,0,49,3
143,ashley williams,5,31,0,0,52,56
144,mason holgate,4,14,0,0,40,37
145,jonjoe kenny,5,31,0,0,39,50
146,michael keane,7,46,0,0,53,81
147,yannick bolasie,3,14,0,0,64,35
148,kevin mirallas,0,8,0,0,60,5
149,ross barkley,0,4,0,0,73,3
150,james mccarthy,0,6,0,0,49,6
151,gareth barry,4,35,0,0,44,56
152,muhamed besic,0,0,0,0,42,2
153,aaron lennon,6,30,0,0,54,65
154,morgan schneiderlin,6,38,0,0,47,52
155,idrissa gueye,9,45,0,0,48,87
156,tom davies,6,24,0,0,51,66
157,ademola lookman,0,6,0,0,51,10
158,davy klaassen,0,6,0,0,69,7
159,dominic calvert-lewin,6,28,0,0,49,88
160,sandro ramirez,1,7,0,0,70,10
161,wayne rooney,7,33,0,0,71,113
162,joel coleman,0,0,0,0,39,0
163,jonas lossl,10,58,1,103,46,135
164,christopher schindler,9,53,0,0,46,102
165,chris lowe,7,26,0,0,44,60
166,tommy smith,5,31,0,0,47,50
167,michael hefele,0,1,0,0,42,1
168,martin cranie,0,7,0,0,40,2
169,jon gorenc stankovic,0,0,0,0,39,0
170,mark hudson,0,0,0,0,40,0
171,mathias jorgensen,10,58,0,0,45,107
172,aaron mooy,10,52,0,0,52,113
173,rajiv van la parra,6,36,0,0,44,74
174,jonathan hogg,7,40,0,0,44,53
175,philip billing,3,11,0,0,44,22
176,joe lolley,0,5,0,0,43,11
177,jack payne,0,0,0,0,45,0
178,dean whitehead,0,3,0,0,42,4
179,harry bunn,0,0,0,0,45,0
180,sean scannell,0,0,0,0,45,0
181,elias kachunga,6,23,0,0,57,46
182,tom ince,7,39,0,0,55,82
183,kasey palmer,1,2,0,0,53,4
184,danny williams,0,22,0,0,48,28
185,nahki wells,0,3,0,0,49,9
186,collin quaner,3,23,0,0,45,44
187,laurent depoitre,4,34,0,0,50,94
188,steve mounie,6,32,0,0,55,92
189,kasper schmeichel,8,47,1,93,51,123
190,ben hamer,1,7,0,6,43,9
191,wes morgan,5,52,0,0,44,61
192,christian fuchs,4,35,1,0,47,57
193,danny simpson,5,41,0,0,43,55
194,robert huth,0,0,0,0,48,0
195,yohan benalouane,0,2,0,0,42,1
196,benjamin chilwell,6,30,0,0,44,65
197,molla wague,1,8,0,0,45,19
198,harry maguire,9,60,0,0,55,117
199,riyad mahrez,9,51,0,0,87,195
200,marc albrighton,8,42,0,0,55,107
201,andy king,1,26,0,0,42,51
202,daniel drinkwater,1,7,0,0,47,24
203,demarai gray,4,35,0,0,53,80
204,daniel amartey,3,7,0,0,43,13
205,nampalys mendy,0,0,0,0,45,0
206,wilfred ndidi,9,45,0,0,49,78
207,ahmed musa,0,0,0,0,61,0
208,vicente iborra,3,23,0,0,57,58
209,jamie vardy,8,57,0,0,88,183
210,leonardo ulloa,1,4,0,0,48,20
211,shinji okazaki,5,19,0,0,53,76
212,islam slimani,1,4,0,0,66,25
213,simon mignolet,7,24,0,36,47,67
214,loris karius,10,14,0,31,49,88
215,dejan lovren,11,24,0,0,53,110
216,alberto moreno,6,19,0,0,43,52
217,nathaniel clyne,1,1,0,0,53,7
218,joseph gomez,9,22,0,0,45,86
219,joel matip,9,27,0,0,54,81
220,ragnar klavan,8,15,0,0,41,78
221,mamadou sakho,6,23,0,0,46,81
222,james milner,6,25,0,0,60,77
223,trent alexander-arnold,8,17,0,0,44,83
224,leiva lucas,0,0,0,0,45,0
225,jordan henderson,14,21,0,0,53,75
226,philippe coutinho,5,14,0,0,91,103
227,emre can,8,29,0,0,49,92
228,adam lallana,1,1,0,0,73,13
229,oluwaseyi ojo,0,0,0,0,50,0
230,sadio mane,15,24,0,0,94,147
231,marko grujic,0,0,0,0,42,3
232,georginio wijnaldum,15,23,0,0,66,85
233,ben woodburn,0,0,0,0,42,1
234,mohamed salah,15,29,0,0,106,303
235,roberto firmino,16,32,0,0,95,181
236,daniel sturridge,3,8,0,0,79,32
237,danny ings,3,0,0,0,54,18
238,divock origi,0,1,0,0,74,1
239,dominic solanke,3,4,0,0,46,38
240,ederson santana de moraes,16,26,0,58,57,158
241,claudio bravo,1,1,0,4,45,10
242,john stones,9,11,0,0,53,70
243,aleksandar kolarov,0,0,0,0,55,0
244,vincent kompany,6,11,0,0,59,60
245,nicolas otamendi,15,25,1,0,64,156
246,fabian delph,6,17,0,0,45,55
247,raheem sterling,13,23,0,0,91,229
248,david silva,14,18,0,0,82,169
249,gnegneri yaya toure,0,2,0,0,60,16
250,fernando luiz rosa,15,24,0,0,50,120
251,fernando francisco reges,0,0,0,0,45,0
252,kevin de bruyne,19,22,0,0,103,209
253,ilkay gundogan,6,15,0,0,54,82
254,manuel agudo duran,0,0,0,0,70,0
255,leroy sane,12,22,0,0,87,179
256,bernardo mota veiga de carvalho e silva,9,10,0,0,72,112
257,sergio aguero,13,12,0,0,115,169
258,kelechi iheanacho,1,17,0,0,65,54
259,gabriel fernando de jesus,9,12,0,0,104,126
260,david de gea,18,28,0,115,59,172
261,sergio romero,1,0,0,3,47,7
262,joel dinis castro pereira,0,0,0,0,39,0
263,chris smalling,11,24,0,0,57,123
264,phil jones,15,11,1,0,55,116
265,luke shaw,7,2,0,0,48,48
266,marcos rojo,3,8,0,0,54,23
267,antonio valencia,16,22,0,0,69,146
268,matteo darmian,3,3,0,0,49,27
269,timothy fosu-mensah,2,29,0,0,44,39
270,daley blind,4,0,0,0,51,28
271,eric bailly,7,6,1,0,60,55
272,axel tuanzebe,0,0,0,0,39,1
273,victor lindelof,5,14,0,0,49,47
274,juan mata,15,10,0,0,68,100
275,marouane fellaini,4,1,0,0,47,47
276,michael carrick,1,0,0,0,42,4
277,ashley young,9,26,0,0,48,98
278,ander herrera,5,14,0,0,50,44
279,jesse lingard,9,18,0,0,60,128
280,anthony martial,9,13,0,0,78,125
281,henrikh mkhitaryan,12,17,0,0,77,107
282,paul pogba,11,20,0,0,79,138
283,scott mctominay,4,3,0,0,42,21
284,marcus rashford,10,16,0,0,73,104
285,romelu lukaku,14,26,0,0,115,162
286,robert elliot,3,21,0,44,40,57
287,karl darlow,2,15,1,35,43,33
288,deandre yedlin,7,37,1,0,45,88
289,ciaran clark,4,30,0,0,43,64
290,jamaal lascelles,9,31,0,0,49,116
291,paul dummett,5,18,0,0,42,52
292,grant hanley,0,0,0,0,40,0
293,jesus gamez duarte,1,0,0,0,39,9
294,florian lejeune,5,32,0,0,43,66
295,matt ritchie,9,35,0,0,54,116
296,jonjo shelvey,6,30,0,0,52,73
297,yoan gouffran,0,0,0,0,50,0
298,mohamed diame,6,27,0,0,46,70
299,jack colback,0,0,0,0,42,0
300,christian atsu,6,22,0,0,48,78
301,dwight gayle,6,31,0,0,61,94
302,ayoze perez,8,28,1,0,55,124
303,aleksandar mitrovic,0,0,0,0,47,10
304,daryl murphy,0,0,0,0,45,0
305,alex mccarthy,4,26,0,42,44,52
306,fraser forster,4,30,0,69,46,73
307,ryan bertrand,8,49,0,0,53,103
308,maya yoshida,6,32,0,0,46,76
309,matt targett,0,6,0,0,43,2
310,cedric soares,7,44,0,0,47,85
311,virgil van dijk,8,28,0,0,57,78
312,jeremy pied,0,3,0,0,42,7
313,jack stephens,5,33,0,0,45,58
314,sam mcqueen,1,2,0,0,42,14
315,jan bednarek,2,5,0,0,41,22
316,steven davis,4,21,0,0,47,71
317,james ward-prowse,2,29,0,0,49,84
318,dusan tadic,10,43,0,0,62,122
319,jordy clasie,0,0,0,0,44,0
320,oriol romeu vidal,8,47,0,0,42,68
321,pierre-emile højbjerg,3,30,0,0,43,39
322,sofiane boufal,1,24,0,0,57,55
323,joshua sims,1,2,0,0,43,8
324,nathan redmond,7,31,0,0,59,72
325,shane long,4,28,0,0,56,53
326,charlie austin,4,15,0,0,58,72
327,manolo gabbiadini,4,17,0,0,62,66
328,jack butland,6,61,1,145,50,125
329,lee grant,0,7,0,8,42,5
330,ryan shawcross,5,40,1,0,48,67
331,geoff cameron,2,30,0,0,43,33
332,erik pieters,7,50,0,0,47,71
333,marc muniesa,0,0,0,0,45,0
334,phil bardsley,4,13,0,0,40,33
335,glen johnson,0,14,0,0,41,5
336,josh tymon,0,9,0,0,44,0
337,joe allen,6,55,0,0,51,109
338,charlie adam,2,9,0,0,47,10
339,glenn whelan,0,0,0,0,45,0
340,marko arnautovic,7,50,0,0,71,144
341,ibrahim afellay,0,9,0,0,48,6
342,xherdan shaqiri,6,58,0,0,61,155
343,giannelli imbula,0,0,0,0,45,0
344,bojan krkic perez,0,1,0,0,55,2
345,ramadan sobhi,2,30,0,0,45,51
346,darren fletcher,4,49,0,0,47,67
347,peter crouch,2,27,0,0,48,73
348,mame biram diouf,8,49,0,0,52,99
349,saido berahino,2,13,0,0,55,20
350,lukasz fabianski,9,56,0,137,47,157
351,kristoffer nordfeldt,0,0,0,0,39,0
352,kyle naughton,9,50,1,0,46,101
353,angel rangel,0,3,0,0,39,4
354,federico fernandez,7,44,1,0,45,85
355,stephen kingsley,0,0,0,0,45,0
356,mike van der hoorn,8,27,0,0,44,74
357,alfie mawson,9,56,0,0,51,112
358,martin olsson,10,50,0,0,50,89
359,gylfi sigurdsson,6,40,0,0,80,96
360,wayne routledge,1,11,0,0,51,17
361,leon britton,3,1,0,0,44,10
362,jay fulton,0,0,0,0,43,1
363,sung-yueng ki,5,29,0,0,46,73
364,jefferson montero,0,0,0,0,49,0
365,leroy fer,4,26,0,0,52,41
366,nathan dyer,3,21,0,0,44,41
367,tom carroll,7,39,0,0,43,85
368,modou barrow,0,0,0,0,50,0
369,luciano narsingh,1,15,0,0,47,30
370,roque mesa,2,16,0,0,42,18
371,fernando llorente,1,2,0,0,73,22
372,oliver mcburnie,0,5,0,0,46,16
373,jordan ayew,7,49,0,0,54,108
374,tammy abraham,4,31,0,0,54,86
375,hugo lloris,15,35,0,87,55,144
376,michel vorm,0,1,0,4,48,3
377,toby alderweireld,5,13,0,0,58,43
378,danny rose,2,14,0,0,64,24
379,kyle walker,15,22,1,0,66,138
380,jan vertonghen,16,31,0,0,61,138
381,ben davies,12,20,0,0,58,143
382,kieran trippier,9,21,0,0,52,113
383,kevin wimmer,1,32,0,0,40,19
384,eric dier,15,30,0,0,47,85
385,mousa dembele,7,22,0,0,49,52
386,erik lamela,4,12,0,0,63,55
387,christian eriksen,17,33,0,0,97,199
388,bamidele alli,16,28,0,0,90,175
389,victor wanyama,2,11,0,0,48,32
390,heung-min son,14,18,0,0,83,178
391,harry winks,4,9,0,0,48,31
392,georges-kevin nkoudou,1,2,0,0,53,11
393,moussa sissoko,7,18,0,0,53,58
394,harry kane,15,34,0,0,131,217
395,vincent janssen,0,0,0,0,74,1
396,costel pantilimon,0,0,0,0,45,0
397,heurelho gomes,5,40,0,61,44,64
398,younes kaboul,1,3,0,0,42,7
399,craig cathcart,1,6,0,0,44,14
400,sebastian prodl,5,29,0,0,43,42
401,jose holebas,6,47,0,0,48,72
402,miguel britos,2,16,0,0,43,22
403,christian kabasele,6,43,1,0,44,68
404,daryl janmaat,2,37,0,0,48,59
405,adrian mariappa,6,43,0,0,41,58
406,brandon mason,0,0,0,0,39,0
407,francisco femenia far,5,34,0,0,43,65
408,tom cleverley,6,33,0,0,50,58
409,etienne capoue,4,29,0,0,48,48
410,valon behrami,0,0,0,0,45,0
411,steven berghuis,0,0,0,0,50,0
412,nordin amrabat,1,3,0,0,50,6
413,isaac success,0,0,0,0,53,0
414,abdoulaye doucoure,9,63,0,0,52,136
415,roberto pereyra,1,34,0,0,58,81
416,will hughes,4,16,0,0,46,53
417,troy deeney,6,30,0,0,63,73
418,stefano okaka,2,9,0,0,53,24
419,mauro zarate,0,0,0,0,54,0
420,boaz myhill,0,1,0,2,40,1
421,ben foster,10,55,0,99,43,123
422,allan-romeo nyom,7,40,0,0,47,70
423,jonny evans,6,38,1,0,49,78
424,craig dawson,8,39,0,0,48,87
425,gareth mcauley,0,15,0,0,45,8
426,jake livermore,8,41,0,0,48,89
427,nacer chadli,1,4,0,0,56,15
428,james morrison,2,1,0,0,53,13
429,claudio yacob,3,17,0,0,43,23
430,james mcclean,6,20,1,0,47,45
431,jonathan leko,0,0,0,0,45,0
432,matt phillips,10,32,0,0,54,81
433,sam field,4,7,0,0,44,23
434,chris brunt,9,23,0,0,50,81
435,salomon rondon,6,48,0,0,60,103
436,hal robson-kanu,4,14,0,0,49,32
437,jay rodriguez,10,41,0,0,54,109
438,adrian san miguel del castillo,6,29,0,69,40,72
439,darren randolph,0,0,0,0,45,0
440,jose fonte,3,11,0,0,47,34
441,james collins,3,19,0,0,43,36
442,winston reid,5,27,0,0,48,42
443,aaron cresswell,10,60,0,0,49,118
444,angelo ogbonna,7,60,0,0,42,77
445,sam byram,0,7,0,0,42,5
446,arthur masuaku,6,29,0,0,42,68
447,pablo zabaleta,10,62,1,0,49,90
448,robert snodgrass,0,0,0,0,58,0
449,andre ayew,3,42,0,0,68,77
450,mark noble,7,45,0,0,53,84
451,cheikhou kouyate,7,56,0,0,50,86
452,pedro obiang,5,29,0,0,42,54
453,manuel lanzini,6,44,0,0,66,106
454,michail antonio,7,23,0,0,74,62
455,sofiane feghouli,0,0,0,0,55,0
456,edimilson fernandes,2,20,0,0,43,29
457,andy carroll,3,13,0,0,57,36
458,diafra sakho,0,11,0,0,55,24
459,ashley fletcher,0,0,0,0,45,0
460,enner valencia,0,0,0,0,50,0
461,markus suttner,4,18,0,0,42,38
462,scott malone,3,23,0,0,43,41
463,tiemoue bakayoko,11,24,0,0,49,77
464,cuco martina,5,30,0,0,41,55
465,massadio haidara,0,0,0,0,39,1
466,siem de jong,0,0,0,0,49,0
467,rolando aarons,0,2,0,0,43,5
468,ahmed el-sayed hegazi,10,55,0,0,46,114
469,nick pope,11,35,0,113,50,152
470,andreas christensen,8,23,0,0,53,79
471,charly musonda,0,0,0,0,48,6
472,alvaro morata,11,19,0,0,104,122
473,eldin jakupovic,0,6,0,8,42,4
474,matty james,4,15,0,0,44,26
475,andrew robertson,10,18,0,0,50,111
476,andreas pereira,0,0,0,0,49,0
477,javier manquillo,4,31,0,0,42,49
478,jacob murphy,2,25,0,0,50,51
479,joe hart,4,39,0,54,42,59
480,calum chambers,2,14,0,0,47,23
481,isaiah brown,0,8,0,0,52,16
482,jairo riedewald,2,6,0,0,46,23
483,danilo luiz da silva,9,11,0,0,50,100
484,benjamin mendy,2,1,0,0,63,20
485,kyle bartley,0,4,0,0,43,5
486,ben watson,0,12,0,0,43,12
487,javier hernandez balcazar,6,36,0,0,67,93
488,jose luis mato sanmartin,5,25,0,0,55,69
489,reiss nelson,0,3,0,0,47,5
490,davy propper,9,50,0,0,53,87
491,jason lokilo,0,0,0,0,43,0
492,phil foden,0,1,0,0,47,8
493,brahim diaz,0,1,0,0,47,5
494,chancel mbemba,1,11,0,0,39,20
495,mikel merino,3,18,0,0,49,49
496,isaac hayden,3,25,0,0,43,41
497,eric maxim choupo-moting,5,45,0,0,52,107
498,kyle walker-peters,1,4,0,0,40,13
499,jerome sinclair,0,1,0,0,49,4
500,mario lemina,4,31,0,0,48,58
501,richarlison de andrade,8,54,0,0,58,125
502,eliaquim mangala,2,7,0,0,50,22
503,fikayo tomori,0,0,0,0,45,0
504,kyle scott,0,0,0,0,43,0
505,olayinka fredrick oladotun ladapo,0,1,0,0,45,1
506,stuart taylor,0,0,0,0,40,0
507,rekeem harper,0,0,0,0,45,1
508,kane wilson,0,0,0,0,40,0
509,jeremie boga,0,0,0,0,60,1
510,declan rice,3,29,0,0,44,41
511,cameron carter-vickers,0,0,0,0,45,0
512,jese rodriguez ruiz,1,17,0,0,54,31
513,bruno martins indi,1,28,0,0,49,20
514,jon flanagan,0,0,0,0,44,0
515,sullay kaikai,0,0,0,0,43,1
516,henri saivet,0,2,0,0,44,8
517,jose heriberto izquierdo mena,5,32,0,0,59,101
518,chris wood,10,11,0,0,62,104
519,sam clucas,5,30,0,0,47,75
520,davinson sanchez,13,21,1,0,60,107
521,florent hadergjonaj,4,28,0,0,45,51
522,abdelhamid sabiri,1,5,0,0,47,10
523,zlatan ibrahimovic,0,2,0,0,95,5
524,oliver burke,0,11,0,0,49,23
525,wesley hoedt,5,42,0,0,50,74
526,sead haksabanovic,0,0,0,0,50,0
527,andre carrillo,4,31,0,0,54,64
528,keshi anderson,0,0,0,0,45,0
529,freddie woodman,0,0,0,0,40,0
530,danny ward,0,0,0,0,44,0
531,tashan oakley-boothe,0,0,0,0,45,0
532,serge aurier,6,13,0,0,59,77
533,grzegorz krychowiak,4,30,0,0,47,58
534,juan foyth,0,0,0,0,45,0
535,renato sanches,2,10,0,0,43,20
536,orestis karnezis,4,24,0,34,45,47
537,marvin zeegelaar,2,18,0,0,40,28
538,ezequiel schelotto,0,30,0,0,44,20
539,nikola vlasic,1,12,0,0,53,18
540,tim krul,0,0,0,0,39,0
541,aleksandar dragovic,4,14,0,0,49,28
542,wilfried bony,2,8,0,0,56,33
543,davide zappacosta,5,15,0,0,59,58
544,levi lumeka,0,0,0,0,44,1
545,adam legzdins,0,0,0,0,40,0
546,ainsley maitland-niles,3,16,0,0,45,25
547,robert green,0,0,0,0,40,0
548,oumar niasse,0,23,0,0,46,83
549,aaron ramsdale,0,0,0,0,40,0
550,harry souttar,0,0,0,0,40,0
551,oleksandr zinchenko,3,3,0,0,50,16
552,jordon mutch,0,0,0,0,45,0
553,jayson molumby,0,0,0,0,45,0
554,anders lindegaard,0,0,0,0,40,0
555,dion henry,0,0,0,0,40,0
556,thomas edwards,0,15,0,0,40,6
557,alex palmer,0,0,0,0,40,0
558,ethan ampadu,0,1,0,0,45,1
559,matt macey,0,0,0,0,50,0
560,edward nketiah,0,1,0,0,50,3
561,joe rodon,0,0,0,0,40,0
562,julien ngoy,0,2,0,0,45,1
563,beni baningime,0,2,0,0,45,7
564,mathieu debuchy,0,0,0,0,45,0
565,paulo gazzaniga,1,0,0,3,42,9
566,alfie whiteman,0,0,0,0,40,0
567,antonio martinez lopez,0,0,0,0,50,0
568,domingos quina,0,0,0,0,44,0
569,jakob haugaard,0,0,0,0,40,0
570,jack simpson,0,2,0,0,40,1
571,hamza choudhury,0,9,0,0,44,13
572,max melbourne,0,0,0,0,40,0
573,ben johnson,0,0,0,0,44,0
574,nathan trott,0,0,0,0,40,0
575,fredrik ulvestad,0,0,0,0,44,0
576,erwin mulder,0,0,0,0,40,0
577,rayhaan tulloch,0,0,0,0,45,0
578,nathan ferguson,0,0,0,0,40,0
579,aaron wan-bissaka,2,10,0,0,45,15
580,moses makasi,0,0,0,0,45,0
581,michael folivi,0,0,0,0,45,0
582,daniel bachmann,0,0,0,0,40,0
583,callum hudson-odoi,0,1,0,0,45,2
584,emerson hyndman,0,1,0,0,45,1
585,connor mahoney,0,0,0,0,45,0
586,oluwatosin adarabioyo,0,0,0,0,40,0
587,george thomas,0,0,0,0,45,0
588,matt butcher,0,0,0,0,45,0
589,adrien sebastian perruchet silva,1,18,0,0,59,23
590,stephen ireland,0,4,0,0,45,4
591,terence kongolo,2,14,0,0,44,30
592,cenk tosun,4,13,0,0,67,55
593,alex pritchard,3,12,0,0,54,40
594,moritz bauer,5,18,0,0,45,41
595,konstantinos mavropanos,1,5,0,0,42,4
596,reece burke,0,0,0,0,40,0
597,josh cullen,0,0,0,0,45,2
598,connor roberts,0,4,0,0,40,7
599,konstantinos stafylidis,0,6,0,0,43,6
600,dujon sterling,0,0,0,0,45,0
601,fousseni diabate,0,12,0,0,49,21
602,kyle taylor,0,0,0,0,45,0
603,michael obafemi,0,0,0,0,45,1
604,jurgen locadia,1,8,0,0,60,16
605,jaroslaw jach,0,0,0,0,42,0
606,erdal rakip,0,0,0,0,48,0
607,guido carrillo,1,8,0,0,59,15
608,joao mario naval costa eduardo,4,14,0,0,60,46
609,gerard deulofeu,2,3,0,0,55,25
610,ali gabr,0,0,0,0,42,0
611,reece oxford,0,0,0,0,45,1
612,aymeric laporte,4,5,0,0,51,35
613,carl stewart,0,0,0,0,45,0
614,emerson palmieri dos santos,1,4,0,0,52,14
615,dodi lukebakio,0,1,0,0,48,1
616,pierre-emerick aubameyang,4,15,0,0,108,87
617,lucas rodrigues moura da silva,0,6,0,0,77,11
618,didier ndong,0,0,0,0,45,0
619,papa alioune ndiaye,2,17,0,0,50,41
620,alexander sørloth,0,9,0,0,54,8
621,martin dubravka,4,11,0,26,45,53
622,jordan hugill,0,0,0,0,49,3
623,aiden o’neill,0,0,0,0,45,0
624,kyle jameson,0,0,0,0,40,0
625,joy mukena,0,0,0,0,40,0
626,patrice evra,0,10,0,0,41,2
627,lukas nmecha,0,0,0,0,45,2
628,tyrese campbell,0,2,0,0,45,4
629,luke garbutt,0,0,0,0,40,0
630,nya kirby,0,0,0,0,45,0
631,marcus browne,0,0,0,0,45,0
632,trevoh chalobah,0,0,0,0,40,0
633,diego cavalieri,0,0,0,0,40,0
634,joseph willock,0,2,0,0,45,3
635,josh pask,0,0,0,0,40,0
636,grady diangana,0,0,0,0,45,0
637,lasse sorenson,0,1,0,0,45,5
638,james daly,0,0,0,0,45,0
639,conor masterson,0,0,0,0,40,0
640,curtis jones,0,0,0,0,45,0
641,rafael camacho,0,0,0,0,45,0
642,harvey barnes,0,0,0,0,45,3
643,kazaiah sterling,0,0,0,0,45,0
644,jordi osei-tutu,0,0,0,0,40,0
645,sam hughes,0,0,0,0,40,0
646,dwight mcneil,0,0,0,0,45,1
647,petr cech,1,9,0,27,47,24
648,bernd leno,6,42,0,105,49,106
649,hector bellerin,4,21,1,0,53,60
650,rob holding,1,10,0,0,43,24
651,shkodran mustafi,6,40,0,0,54,80
652,konstantinos mavropanos,0,1,0,0,47,3
653,stephan lichtsteiner,0,18,0,0,45,14
654,sokratis papastathopoulos,5,33,0,0,51,64
655,mesut ozil,5,24,0,0,79,89
656,alex iwobi,4,32,0,0,54,99
657,mohamed elneny,0,5,0,0,42,10
658,granit xhaka,7,37,0,0,52,90
659,henrikh mkhitaryan,3,26,0,0,66,98
660,reiss nelson,0,0,0,0,44,0
661,ainsley maitland-niles,2,20,0,0,44,34
662,danny welbeck,0,3,0,0,64,19
663,alexandre lacazette,6,31,0,0,94,166
664,laurent koscielny,3,23,0,0,54,62
665,nacho monreal,5,24,0,0,54,77
666,sead kolasinac,5,29,1,0,49,81
667,aaron ramsey,9,13,0,0,71,91
668,pierre-emerick aubameyang,7,42,0,0,108,205
669,lucas torreira,5,38,0,0,47,78
670,matteo guendouzi,3,32,0,0,44,47
671,asmir begovic,5,47,0,59,43,63
672,artur boruc,4,18,0,39,41,46
673,simon francis,4,24,0,0,43,40
674,steve cook,9,56,1,0,43,85
675,charlie daniels,4,34,0,0,41,44
676,adam smith,8,33,0,0,43,70
677,tyrone mings,0,4,0,0,42,5
678,nathan ake,10,70,0,0,51,120
679,jack simpson,1,9,1,0,39,10
680,harry arter,7,39,0,0,49,48
681,marc pugh,0,0,0,0,43,0
682,andrew surman,4,37,0,0,46,36
683,junior stanislas,2,24,0,0,60,56
684,dan gosling,4,33,0,0,47,54
685,jordon ibe,1,23,0,0,49,33
686,lewis cook,3,10,0,0,46,22
687,ryan fraser,9,64,0,0,64,181
688,emerson hyndman,0,2,0,0,44,1
689,david brooks,9,41,0,0,50,123
690,callum wilson,9,47,0,0,69,168
691,lys mousset,0,15,0,0,49,28
692,joshua king,10,57,0,0,64,141
693,jermain defoe,0,2,0,0,56,4
694,diego rico,0,19,0,0,41,8
695,jefferson lerma,9,49,1,0,45,75
696,mathew ryan,6,55,0,97,44,104
697,lewis dunk,7,56,0,0,44,91
698,shane duffy,7,55,0,0,47,115
699,bruno saltor grau,4,17,0,0,44,46
700,gaetan bong,5,34,0,0,44,48
701,markus suttner,0,0,0,0,38,0
702,ezequiel schelotto,0,0,0,0,38,0
703,leon balogun,0,10,0,0,42,15
704,anthony knockaert,3,41,0,0,52,74
705,dale stephens,5,46,0,0,43,65
706,beram kayal,4,17,0,0,44,36
707,solomon march,6,40,0,0,47,94
708,pascal groß,3,31,0,0,67,80
709,davy propper,4,45,0,0,48,72
710,jose heriberto izquierdo mena,3,10,0,0,59,31
711,glenn murray,4,45,0,0,61,129
712,tomer hemed,0,0,0,0,49,0
713,sam baldock,0,0,0,0,45,0
714,jurgen locadia,3,21,0,0,53,52
715,florin andone,2,14,0,0,50,38
716,david button,1,5,0,14,40,15
717,jason steele,0,0,0,0,39,0
718,bernardo fernandes da silva junior,2,29,0,0,42,39
719,yves bissouma,3,32,0,0,46,43
720,alireza jahanbakhsh,5,16,0,0,67,33
721,tom heaton,4,27,0,63,48,58
722,nick pope,0,0,0,0,48,0
723,matthew lowton,4,41,0,0,46,34
724,ben mee,8,68,2,0,46,81
725,stephen ward,1,6,0,0,47,7
726,james tarkowski,7,63,0,0,47,97
727,kevin long,1,9,0,0,41,16
728,charlie taylor,7,64,0,0,44,82
729,phil bardsley,4,27,1,0,42,33
730,johann berg gudmundsson,5,39,0,0,55,92
731,steven defour,0,14,0,0,53,10
732,jeff hendrick,4,44,0,0,52,73
733,robbie brady,1,17,0,0,54,20
734,ashley westwood,7,55,0,0,46,111
735,jonathan walters,0,0,0,0,47,0
736,jack cork,8,63,0,0,46,87
737,aaron lennon,3,22,0,0,49,41
738,sam vokes,2,20,0,0,53,48
739,ashley barnes,7,41,1,0,56,122
740,nahki wells,0,0,0,0,45,0
741,chris wood,7,49,0,0,63,131
742,anders lindegaard,0,0,0,0,43,0
743,joe hart,4,41,0,77,42,69
744,ben gibson,0,3,0,0,48,6
745,matej vydra,0,7,0,0,56,21
746,neil etheridge,10,69,0,141,46,154
747,alex smithies,0,0,0,0,42,0
748,sean morrison,9,63,0,0,47,97
749,sol bamba,7,52,0,0,44,95
750,bruno ecuele manga,10,67,0,0,44,97
751,matthew connolly,0,0,0,0,38,0
752,joe bennett,9,50,0,0,44,77
753,lee peltier,5,26,0,0,39,43
754,ashley darel jazz richards,0,4,0,0,39,2
755,greg halford,0,0,0,0,40,0
756,joe ralls,5,40,0,0,46,45
757,david junior hoilett,6,46,0,0,50,82
758,nathaniel mendez-laing,4,18,0,0,48,63
759,callum paterson,5,41,0,0,48,80
760,aron gunnarsson,6,40,0,0,44,65
761,anthony pilkington,0,0,0,0,44,0
762,loic damour,0,2,0,0,43,2
763,danny ward,0,14,0,0,43,22
764,josh murphy,7,32,0,0,48,76
765,kenneth zohore,2,19,0,0,46,33
766,omar bogle,0,0,0,0,45,0
767,gary madine,0,3,0,0,44,5
768,bobby reid,4,30,0,0,52,80
769,greg cunninghamm,1,17,0,0,41,9
770,thibaut courtois,0,0,0,0,55,0
771,willy caballero,2,0,0,3,47,13
772,cesar azpilicueta,16,39,0,0,64,158
773,gary cahill,0,0,0,0,50,2
774,marcos alonso,14,28,0,0,62,161
775,david luiz moreira marinho,16,36,0,0,58,164
776,victor moses,0,1,0,0,55,2
777,antonio rudiger,12,35,0,0,59,116
778,andreas christensen,3,7,0,0,50,22
779,davide zappacosta,1,0,0,0,50,9
780,emerson palmieri dos santos,2,11,0,0,52,22
781,eden hazard,12,35,0,0,110,238
782,cesc fabregas,0,2,0,0,62,6
783,willian borges da silva,11,25,0,0,71,108
784,pedro rodriguez ledesma,7,19,0,0,62,112
785,ross barkley,7,13,0,0,50,79
786,daniel drinkwater,0,0,0,0,46,0
787,tiemoue bakayoko,0,0,0,0,49,0
788,n’golo kante,14,38,0,0,49,116
789,ethan ampadu,0,0,0,0,44,0
790,callum hudson-odoi,2,5,0,0,42,18
791,ruben loftus-cheek,5,9,0,0,52,79
792,olivier giroud,6,5,0,0,77,55
793,alvaro morata,6,11,0,0,84,46
794,jorge luiz frello filho,16,37,0,0,46,96
795,tammy abraham,0,0,0,0,54,0
796,wayne hennessey,5,26,0,44,44,67
797,julian speroni,0,4,0,5,39,1
798,vicente guaita,7,23,0,64,43,81
799,james tomkins,10,37,0,0,43,86
800,scott dann,2,10,0,0,44,23
801,martin kelly,3,21,1,0,39,26
802,jeffrey schlupp,4,26,0,0,43,91
803,patrick van aanholt,12,46,0,0,55,140
804,mamadou sakho,9,35,0,0,49,88
805,jairo riedewald,0,0,0,0,43,0
806,aaron wan-bissaka,12,47,0,0,46,120
807,jason puncheon,1,9,0,0,41,15
808,james mcarthur,11,49,0,0,49,121
809,bakary sako,0,2,0,0,49,4
810,andros townsend,11,46,0,0,56,135
811,luka milivojevic,12,53,0,0,65,166
812,wilfried zaha,11,49,0,0,70,143
813,christian benteke,3,13,0,0,63,33
814,alexander sørloth,0,3,0,0,48,12
815,cheikhou kouyate,9,30,0,0,47,67
816,joel ward,0,14,0,0,43,13
817,jaroslaw jach,0,0,0,0,40,0
818,pape souare,0,0,0,0,42,1
819,connor wickham,0,1,0,0,49,9
820,sullay kaikai,0,0,0,0,43,0
821,max meyer,6,24,0,0,55,60
822,jordan pickford,14,46,0,94,49,161
823,maarten stekelenburg,0,0,0,0,39,0
824,leighton baines,0,6,0,0,50,7
825,seamus coleman,13,30,1,0,52,125
826,phil jagielka,2,4,0,0,43,22
827,ashley williams,0,0,0,0,45,0
828,mason holgate,0,9,0,0,43,5
829,jonjoe kenny,1,15,0,0,41,19
830,michael keane,13,39,0,0,48,129
831,cuco martina,0,0,0,0,45,0
832,theo walcott,6,33,0,0,59,101
833,yannick bolasie,0,0,0,0,58,0
834,james mccarthy,0,0,0,0,44,1
835,morgan schneiderlin,5,9,0,0,42,28
836,idrissa gueye,13,31,0,0,47,78
837,tom davies,2,19,0,0,50,26
838,ademola lookman,1,8,0,0,49,34
839,davy klaassen,0,0,0,0,60,0
840,gylfi sigurdsson,15,41,0,0,74,182
841,nikola vlasic,0,0,0,0,50,0
842,beni baningime,0,0,0,0,43,0
843,dominic calvert-lewin,8,26,0,0,54,92
844,oumar niasse,5,13,0,0,50,30
845,cenk tosun,1,17,0,0,64,56
846,richarlison de andrade,11,36,0,0,64,153
847,kevin mirallas,0,0,0,0,55,0
848,sandro ramirez,0,0,0,0,54,0
849,lucas digne,13,38,1,0,54,158
850,calum chambers,5,52,0,0,42,60
851,marcus bettinelli,0,20,0,20,42,15
852,tim ream,5,49,0,0,42,50
853,denis odoi,3,62,1,0,44,44
854,tom cairney,5,51,0,0,46,71
855,kevin mcdonald,0,27,0,0,42,17
856,ryan sessegnon,3,60,0,0,60,94
857,stefan johansen,0,12,0,0,50,11
858,floyd ayite,0,13,0,0,42,24
859,neeskens kebano,0,3,0,0,43,7
860,rui pedro da rocha fonte,0,0,0,0,44,0
861,aboubakar kamara,1,17,0,0,45,28
862,maxime le marchand,3,53,0,0,42,38
863,jean michael seri,3,54,0,0,49,72
864,cyrus christie,3,42,0,0,42,42
865,fabricio agosto ramirez,0,5,0,15,42,8
866,andre schurrle,2,43,0,0,55,75
867,aleksandar mitrovic,5,78,0,0,63,134
868,alfie mawson,1,26,0,0,47,19
869,ben hamer,0,21,0,24,39,9
870,jonas lossl,5,54,0,88,44,99
871,christopher schindler,5,72,0,0,42,76
872,chris lowe,1,55,0,0,44,49
873,tommy smith,1,37,0,0,44,9
874,mathias jorgensen,3,38,0,0,44,67
875,scott malone,0,0,0,0,40,0
876,florent hadergjonaj,4,36,0,0,43,50
877,terence kongolo,4,65,1,0,43,60
878,aaron mooy,3,48,0,0,50,76
879,rajiv van la parra,1,6,0,0,46,10
880,jonathan hogg,5,44,0,0,44,54
881,philip billing,5,43,0,0,45,63
882,tom ince,0,0,0,0,50,0
883,danny williams,1,1,0,0,45,6
884,abdelhamid sabiri,0,3,0,0,43,2
885,alex pritchard,7,40,0,0,48,69
886,ramadan sobhi,0,2,0,0,47,4
887,juninho bacuna,0,37,0,0,42,39
888,collin quaner,0,2,0,0,43,2
889,laurent depoitre,0,23,0,0,51,34
890,steve mounie,5,38,0,0,58,69
891,elias kachunga,1,30,0,0,48,29
892,erik durm,3,45,0,0,44,49
893,adama diakhaby,1,16,0,0,45,19
894,kasper schmeichel,10,48,0,90,50,120
895,eldin jakupovic,0,0,0,0,43,0
896,wes morgan,6,28,0,0,45,76
897,christian fuchs,0,5,0,0,41,3
898,danny simpson,1,4,0,0,42,12
899,yohan benalouane,0,0,0,0,39,0
900,benjamin chilwell,10,43,0,0,50,118
901,harry maguire,6,41,0,0,54,92
902,ricardo domingos barbosa pereira,10,45,0,0,53,146
903,jonny evans,8,26,0,0,48,77
904,marc albrighton,5,17,0,0,51,63
905,demarai gray,6,29,0,0,54,84
906,daniel amartey,1,9,0,0,43,15
907,wilfred ndidi,9,47,0,0,49,89
908,vicente iborra,0,4,0,0,47,9
909,matty james,0,0,0,0,44,0
910,hamza choudhury,4,4,0,0,43,20
911,adrien sebastian perruchet silva,0,1,0,0,47,3
912,fousseni diabate,0,1,0,0,46,1
913,james maddison,8,44,0,0,66,137
914,jamie vardy,11,36,0,0,90,174
915,shinji okazaki,0,4,0,0,51,25
916,kelechi iheanacho,1,16,0,0,57,58
917,danny ward,0,0,0,0,43,0
918,rachid ghezzal,1,13,0,0,50,28
919,simon mignolet,0,0,0,0,47,0
920,loris karius,0,0,0,0,49,0
921,dejan lovren,6,7,0,0,49,63
922,alberto moreno,0,2,0,0,41,4
923,nathaniel clyne,3,26,0,0,44,34
924,joseph gomez,7,4,0,0,48,55
925,joel matip,9,12,0,0,49,83
926,ragnar klavan,0,0,0,0,44,0
927,trent alexander-arnold,16,14,0,0,58,185
928,virgil van dijk,20,22,0,0,67,208
929,andrew robertson,21,20,0,0,67,213
930,alex oxlade-chamberlain,0,0,0,0,64,2
931,jordan henderson,12,14,0,0,53,76
932,adam lallana,3,3,0,0,69,23
933,sadio mane,19,21,0,0,103,231
934,georginio wijnaldum,18,16,0,0,55,108
935,mohamed salah,21,20,0,0,132,259
936,james milner,9,13,0,0,56,101
937,fabio henrique tavares,11,14,0,0,55,65
938,naby keita,10,8,0,0,71,67
939,roberto firmino,19,15,0,0,93,160
940,danny ings,5,27,0,0,54,90
941,dominic solanke,0,5,0,0,47,15
942,xherdan shaqiri,7,6,0,0,68,88
943,alisson ramses becker,21,22,0,76,59,176
944,daniel sturridge,2,5,0,0,56,34
945,riyad mahrez,4,9,0,0,82,102
946,ederson santana de moraes,20,23,0,58,57,169
947,claudio bravo,0,0,0,0,48,0
948,john stones,9,15,0,0,52,83
949,vincent kompany,6,7,0,0,52,58
950,nicolas otamendi,9,7,0,0,60,70
951,kyle walker,18,17,0,0,64,150
952,danilo luiz da silva,4,7,0,0,48,46
953,benjamin mendy,4,6,0,0,61,59
954,aymeric laporte,18,21,0,0,63,177
955,fabian delph,3,9,0,0,53,29
956,raheem sterling,17,19,0,0,117,234
957,david silva,16,14,0,0,85,143
958,fernando luiz rosa,12,15,0,0,53,79
959,kevin de bruyne,6,3,0,0,96,59
960,ilkay gundogan,13,15,0,0,54,113
961,leroy sane,9,14,0,0,93,156
962,bernardo mota veiga de carvalho e silva,15,22,0,0,78,154
963,phil foden,2,0,0,0,45,25
964,brahim diaz,0,0,0,0,47,0
965,oleksandr zinchenko,9,4,0,0,47,44
966,sergio aguero,17,15,0,0,120,201
967,gabriel fernando de jesus,2,11,0,0,99,79
968,david de gea,7,54,0,123,57,120
969,sergio romero,0,0,0,0,49,0
970,chris smalling,4,36,1,0,56,56
971,phil jones,3,17,0,0,51,43
972,luke shaw,6,39,0,0,51,91
973,marcos rojo,0,5,1,0,49,2
974,antonio valencia,2,5,0,0,64,17
975,matteo darmian,1,8,0,0,46,14
976,daley blind,0,0,0,0,50,0
977,eric bailly,1,13,0,0,50,16
978,victor lindelof,6,40,1,0,49,85
979,ashley young,4,44,0,0,57,73
980,jose diogo dalot teixeira,1,18,0,0,53,27
981,alexis sanchez,2,10,0,0,100,47
982,nemanja matic,6,37,0,0,50,59
983,juan mata,5,15,0,0,61,70
984,marouane fellaini,1,14,0,0,48,26
985,ander herrera,5,18,0,0,50,62
986,jesse lingard,3,26,0,0,67,78
987,anthony martial,5,25,0,0,72,122
988,paul pogba,8,43,0,0,86,179
989,scott mctominay,1,18,0,0,42,38
990,frederico rodrigues de paula santos,1,19,0,0,53,40
991,marcus rashford,6,35,0,0,73,128
992,romelu lukaku,4,38,0,0,107,115
993,andreas pereira,1,13,0,0,45,27
994,robert elliot,0,0,0,0,43,0
995,karl darlow,0,0,0,0,44,0
996,martin dubravka,11,48,0,96,50,131
997,deandre yedlin,5,41,1,0,45,63
998,ciaran clark,2,15,0,0,45,42
999,jamaal lascelles,10,36,0,0,47,95
1000,paul dummett,7,27,0,0,44,67
1001,florian lejeune,4,13,0,0,44,35
1002,javier manquillo,4,16,0,0,43,53
1003,chancel mbemba,0,0,0,0,40,0
1004,matt ritchie,10,40,0,0,58,110
1005,jonjo shelvey,5,13,0,0,53,39
1006,mohamed diame,7,32,0,0,48,56
1007,christian atsu,6,18,0,0,51,55
1008,jacob murphy,1,8,0,0,47,16
1009,mikel merino,0,0,0,0,50,0
1010,isaac hayden,7,25,0,0,43,69
1011,sung-yueng ki,4,20,0,0,47,38
1012,dwight gayle,0,0,0,0,60,0
1013,ayoze perez,11,35,0,0,61,141
1014,jose luis mato sanmartin,1,15,0,0,47,30
1015,robert kenedy nunes do nascimento,6,18,0,0,47,50
1016,fabian schar,7,23,0,0,45,93
1017,yoshinori muto,1,10,0,0,56,24
1018,salomon rondon,9,31,0,0,59,148
1019,alex mccarthy,4,44,0,78,43,73
1020,fraser forster,0,3,0,3,42,2
1021,ryan bertrand,6,42,0,0,48,56
1022,maya yoshida,3,29,0,0,41,44
1023,cedric soares,4,31,0,0,42,52
1024,jack stephens,3,35,0,0,42,47
1025,sam mcqueen,0,0,0,0,40,0
1026,jan bednarek,3,37,0,0,40,49
1027,wesley hoedt,4,24,2,0,42,29
1028,steven davis,0,4,0,0,46,9
1029,james ward-prowse,3,41,1,0,51,94
1030,oriol romeu vidal,6,37,0,0,42,55
1031,pierre-emile højbjerg,4,59,0,0,44,90
1032,sofiane boufal,0,0,0,0,55,0
1033,joshua sims,0,6,0,0,44,11
1034,nathan redmond,9,58,0,0,55,137
1035,mario lemina,4,37,0,0,47,50
1036,stuart armstrong,5,26,0,0,51,75
1037,mohamed elyounoussi,4,10,0,0,60,28
1038,shane long,2,24,0,0,47,66
1039,charlie austin,5,17,0,0,55,46
1040,manolo gabbiadini,0,12,0,0,56,23
1041,guido carrillo,0,0,0,0,55,0
1042,angus gunn,3,18,0,33,43,47
1043,jannik vestergaard,4,31,0,0,46,50
1044,matt targett,0,25,0,0,42,36
1045,hugo lloris,12,33,0,100,54,145
1046,michel vorm,0,4,0,9,47,5
1047,toby alderweireld,12,31,1,0,60,107
1048,danny rose,8,16,0,0,58,86
1049,jan vertonghen,6,23,0,0,59,67
1050,ben davies,6,26,0,0,56,66
1051,kieran trippier,10,23,1,0,60,118
1052,kyle walker-peters,2,4,0,0,42,28
1053,davinson sanchez,6,22,0,0,58,78
1054,serge aurier,2,9,0,0,57,24
1055,eric dier,5,18,0,0,47,56
1056,mousa dembele,1,6,0,0,49,14
1057,erik lamela,4,12,0,0,59,67
1058,christian eriksen,8,37,0,0,92,161
1059,bamidele alli,8,21,0,0,88,94
1060,victor wanyama,3,4,0,0,49,24
1061,heung-min son,10,23,0,0,86,159
1062,harry winks,6,17,0,0,55,53
1063,moussa sissoko,11,28,0,0,49,76
1064,lucas rodrigues moura da silva,14,18,0,0,69,131
1065,fernando llorente,2,8,1,0,51,41
1066,harry kane,9,31,0,0,126,160
1067,georges-kevin nkoudou,0,0,0,0,48,4
1068,heurelho gomes,0,0,0,0,42,0
1069,pontus dahlberg,0,0,0,0,43,0
1070,younes kaboul,0,0,0,0,42,0
1071,craig cathcart,6,54,2,0,45,93
1072,sebastian prodl,0,0,0,0,42,1
1073,jose holebas,5,41,0,0,48,93
1074,miguel britos,0,5,0,0,43,3
1075,christian kabasele,3,29,0,0,44,36
1076,daryl janmaat,3,22,0,0,49,50
1077,adrian mariappa,5,32,0,0,42,57
1078,francisco femenia far,4,40,0,0,42,66
1079,marvin zeegelaar,0,0,0,0,42,0
1080,marc navarro,0,3,0,0,42,2
1081,adam masina,2,20,0,0,43,26
1082,nathaniel chalobah,0,7,0,0,44,10
1083,tom cleverley,3,7,0,0,50,25
1084,etienne capoue,8,48,0,0,48,79
1085,abdoulaye doucoure,5,56,1,0,58,124
1086,roberto pereyra,6,53,0,0,59,122
1087,will hughes,7,39,0,0,49,87
1088,gerard deulofeu,9,29,0,0,57,133
1089,andre gray,4,23,0,0,59,83
1090,troy deeney,5,44,0,0,58,116
1091,stefano okaka,0,1,0,0,50,1
1092,jerome sinclair,0,0,0,0,44,0
1093,ben foster,7,59,0,128,46,129
1094,ken sema,3,9,0,0,46,37
1095,adrian san miguel del castillo,0,0,0,0,42,0
1096,lukasz fabianski,7,55,0,148,47,143
1097,winston reid,0,0,0,0,44,0
1098,aaron cresswell,1,26,0,0,50,34
1099,angelo ogbonna,2,36,0,0,42,48
1100,sam byram,0,0,0,0,45,0
1101,pablo zabaleta,4,35,0,0,43,56
1102,declan rice,6,47,0,0,44,92
1103,reece oxford,0,0,0,0,42,0
1104,ryan fredericks,3,16,0,0,45,38
1105,issa diop,7,43,1,0,42,87
1106,arthur masuaku,4,29,0,0,42,49
1107,mark noble,7,31,0,0,48,99
1108,pedro obiang,2,21,0,0,42,43
1109,manuel lanzini,2,12,0,0,64,31
1110,michail antonio,7,30,0,0,68,118
1111,edimilson fernandes,0,0,0,0,45,0
1112,marko arnautovic,4,34,0,0,67,117
1113,andy carroll,0,7,0,0,54,12
1114,javier hernandez balcazar,6,20,0,0,61,86
1115,jordan hugill,0,0,0,0,50,0
1116,jack wilshere,1,10,0,0,48,17
1117,andriy yarmolenko,1,6,0,0,67,27
1118,fabian balbuena,5,32,0,0,42,61
1119,felipe anderson pereira gomes,7,49,0,0,68,155
1120,robert snodgrass,5,33,0,0,50,85
1121,john ruddy,1,0,0,3,42,7
1122,will norris,0,0,0,0,39,1
1123,willy boly,8,43,0,0,47,120
1124,barry douglas,0,0,0,0,50,0
1125,matt doherty,8,41,1,0,53,144
1126,romain saiss,3,17,0,0,42,47
1127,ryan bennett,9,38,0,0,41,89
1128,danny batth,0,0,0,0,40,0
1129,roderick jefferson goncalves miranda,0,0,0,0,40,0
1130,conor coady,9,46,3,0,45,94
1131,ruben goncalo silva nascimento vinagre,1,9,0,0,43,24
1132,diogo jota,10,29,0,0,63,139
1133,ruben diogo da silva neves,8,43,0,0,49,104
1134,ivan cavaleiro,1,11,0,0,52,48
1135,helder costa,5,19,0,0,46,52
1136,bright enobakhare,0,0,0,0,43,0
1137,raul jimenez,12,40,0,0,69,181
1138,bonatini lohner maia bonatini,0,0,0,0,46,10
1139,morgan gibbs-white,4,12,0,0,43,37
1140,rafa mir,0,0,0,0,45,0
1141,rui pedro dos santos patricio,8,46,0,97,45,118
1142,joao filipe iria santos moutinho,9,39,0,0,51,119
1143,jonathan castro otto,8,39,0,0,43,103
1144,martin montoya,3,41,0,0,43,45
1145,domingos quina,0,5,0,0,44,17
1146,luke amos,0,0,0,0,43,1
1147,isaac success ajayi,2,21,0,0,45,42
1148,victor camarasa,9,53,0,0,44,106
1149,kepa arrizabalaga,14,39,0,82,54,142
1150,mateo kovacic,9,19,0,0,57,64
1151,jordan ayew,5,13,0,0,57,46
1152,yerry mina,3,13,0,0,54,36
1153,bernard anicio caldeira duarte,13,19,0,0,59,88
1154,andre filipe tavares gomes,9,28,0,0,54,64
1155,sergio rico,5,56,0,111,44,86
1156,joe bryan,5,54,1,0,48,52
1157,timothy fosu-mensah,1,18,1,0,45,14
1158,andre-frank zambo anguissa,3,33,0,0,44,37
1159,luciano vietto,1,21,0,0,53,47
1160,isaac mbenza,0,25,0,0,59,38
1161,filip benkovic,0,0,0,0,50,0
1162,caglar soyuncu,0,4,0,0,48,9
1163,federico fernandez,3,24,0,0,44,47
1164,lucas perez,0,13,0,0,62,33
1165,carlos sanchez,0,4,0,0,43,9
1166,adama traore,1,13,0,0,51,44
1167,leander dendoncker,3,21,0,0,43,48
1168,ibrahima cisse,0,4,0,0,43,4
1169,jon gorenc stankovic,2,20,0,0,39,24
1170,lee grant,0,0,0,0,48,0
1171,kortney hause,0,0,0,0,40,0
1172,kurt zouma,10,39,0,0,50,112
1173,nampalys mendy,7,29,0,0,43,58
1174,kieran dowell,0,0,0,0,45,0
1175,arijanet muric,0,0,0,0,45,0
1176,jamie sterry,0,0,0,0,40,0
1177,sean longstaff,3,9,0,0,45,26
1178,dwight mcneil,5,25,0,0,44,75
1179,kadeem harris,1,6,0,0,45,24
1180,brian murphy,0,0,0,0,40,0
1181,tyias browning,0,0,0,0,40,0
1182,ryan schofield,0,0,0,0,40,0
1183,paulo gazzaniga,1,2,0,11,45,13
1184,alfie whiteman,0,0,0,0,40,0
1185,grady diangana,2,13,0,0,45,25
1186,oliver skipp,2,1,0,0,45,12
1187,emiliano martinez,0,0,0,0,40,0
1188,zeze steven sessegnon,0,0,0,0,40,0
1189,divock origi,3,2,0,0,50,32
1190,ben wilmot,0,2,0,0,40,1
1191,emile smith-rowe,0,0,0,0,45,0
1192,zech medley,0,0,0,0,40,0
1193,joe powell,0,0,0,0,45,0
1194,conor coventry,0,0,0,0,45,0
1195,juan foyth,3,12,0,0,50,35
1196,michael obafemi,0,3,0,0,50,13
1197,edward nketiah,0,3,0,0,50,10
1198,viktor gyokeres,0,0,0,0,45,0
1199,frederick woodman,0,0,0,0,40,0
1200,adalberto penaranda,0,0,0,0,50,0
1201,ryan john giles,0,0,0,0,45,0
1202,yan valery,3,30,0,0,41,54
1203,josh knight,0,0,0,0,40,0
1204,rafael camacho,0,1,0,0,50,1
1205,ben white,0,0,0,0,40,0
1206,timothy eyoma,0,0,0,0,40,0
1207,alexandre nascimento costa silva,0,0,0,0,45,1
1208,tyreke johnson,0,0,0,0,45,1
1209,kayne ramsay,0,3,0,0,40,1
1210,bukayo saka,0,0,0,0,45,1
1211,abd-al-ali morakinyo olaposi koiki,0,0,0,0,40,0
1212,joseph willock,1,1,0,0,45,4
1213,angel gomes,0,1,0,0,50,2
1214,max kilman,0,0,0,0,40,1
1215,samir nasri,1,2,0,0,49,14
1216,harvey barnes,1,16,0,0,55,43
1217,callum slattery,0,1,0,0,45,4
1218,max sanders,0,0,0,0,45,0
1219,rhys healey,0,1,0,0,45,3
1220,sam gallagher,0,1,0,0,45,4
1221,ryan babel,3,26,0,0,56,75
1222,joe tupper,0,0,0,0,40,0
1223,callum roberts,0,0,0,0,45,0
1224,kazaiah sterling,0,0,0,0,45,0
1225,chris mepham,2,17,0,0,45,27
1226,gonzalo higuain,5,15,0,0,90,53
1227,denis suarez,0,1,0,0,57,4
1228,carl jenkinson,0,3,0,0,45,4
1229,dan burn,0,0,0,0,45,0
1230,josh benson,0,0,0,0,45,0
1231,peter crouch,0,3,0,0,44,8
1232,leandro bacuna,1,14,0,0,43,17
1233,lucas perri,0,0,0,0,40,0
1234,karlan grant,1,23,0,0,50,45
1235,miguel almiron,3,11,0,0,60,28
1236,antonio barreca,0,0,0,0,41,1
1237,youri tielemans,3,14,0,0,60,63
1238,michy batshuayi,3,11,0,0,62,48
1239,havard nordtveit,0,10,0,0,45,8
1240,lazar markovic,0,1,0,0,47,1
1241,alfie jones,0,0,0,0,40,0
1242,cameron john,0,0,0,0,40,0
1243,curtis jones,0,0,0,0,45,0
1244,sam surridge,0,0,0,0,45,2
1245,kyle taylor,0,0,0,0,45,0
1246,joel coleman,0,1,0,2,40,2
1247,demeaco duhaney,0,0,0,0,40,1
1248,james garner,0,0,0,0,45,1
1249,philippe sandler,0,0,0,0,40,0
1250,tahith chong,0,1,0,0,45,2
1251,ben johnson,0,1,0,0,40,2
1252,matthew daly,0,1,0,0,45,2
1253,sam woods,0,0,0,0,40,0
1254,aaron rowe,0,1,0,0,45,2
1255,mason greenwood,0,2,0,0,45,4
1256,harvey elliott,0,1,0,0,40,2
1257,george marsh,0,0,0,0,45,0
1258,nathan holland,0,0,0,0,40,0
1259,nnamdi ofoborh,0,0,0,0,45,0
1260,vincent janssen,0,0,0,0,45,3
1261,anthony driscoll-glennon,0,0,0,0,40,0
1262,mark travers,1,5,0,9,40,9
1263,jayson molumby,0,0,0,0,45,0
1264,matt butcher,0,0,0,0,45,0
1265,addji keaninkin marc-israel guehi,0,0,0,0,40,0
1266,luke dreher,0,0,0,0,45,1
1267,nikola tavares,0,0,0,0,40,0
1268,luca de la torre,0,0,0,0,45,0
1269,kelland watts,0,0,0,0,45,0
1270,shkodran mustafi,4,17,0,0,51,43
1271,hector bellerin,4,18,0,0,52,44
1272,sead kolasinac,4,26,0,0,52,55
1273,ainsley maitland-niles,3,22,0,0,45,41
1274,sokratis papastathopoulos,4,25,0,0,48,57
1275,nacho monreal,1,4,0,0,50,10
1276,laurent koscielny,0,0,0,0,50,0
1277,konstantinos mavropanos,0,0,0,0,43,0
1278,carl jenkinson,0,0,0,0,45,0
1279,rob holding,1,9,0,0,44,16
1280,pierre-emerick aubameyang,10,44,0,0,109,205
1281,alexandre lacazette,5,25,0,0,92,118
1282,edward nketiah,3,9,0,0,43,25
1283,bernd leno,7,39,0,113,48,114
1284,mesut ozil,5,20,0,0,69,53
1285,henrikh mkhitaryan,1,0,0,0,67,4
1286,alex iwobi,4,30,0,0,56,52
1287,granit xhaka,10,31,0,0,51,73
1288,lucas torreira,3,23,0,0,47,46
1289,mohamed elneny,0,0,0,0,42,0
1290,matteo guendouzi,3,31,0,0,41,48
1291,ahmed el mohamady,2,28,0,0,41,39
1292,james chester,0,0,0,0,42,0
1293,neil taylor,2,25,0,0,42,22
1294,kortney hause,2,34,0,0,44,34
1295,jonathan kodjia,0,6,0,0,54,5
1296,ørjan nyland,1,12,0,15,43,15
1297,conor hourihane,6,29,0,0,57,83
1298,jack grealish,7,63,0,0,59,149
1299,anwar el ghazi,5,48,0,0,52,93
1300,john mcginn,6,41,0,0,52,84
1301,andre green,0,0,0,0,48,0
1302,birkir bjarnason,0,0,0,0,45,0
1303,keinan davis,1,7,0,0,42,25
1304,henri lansbury,0,6,0,0,44,12
1305,jose ignacio peleteiro romallo,2,5,0,0,57,17
1306,steve cook,3,48,0,0,50,52
1307,nathan ake,4,46,0,0,48,79
1308,charlie daniels,0,2,0,0,42,3
1309,chris mepham,1,19,0,0,43,27
1310,simon francis,1,21,0,0,43,16
1311,adam smith,4,40,0,0,43,49
1312,lloyd kelly,1,15,0,0,44,11
1313,diego rico,6,38,0,0,42,84
1314,jack simpson,0,6,0,0,39,4
1315,callum wilson,4,53,0,0,74,116
1316,joshua king,4,37,0,0,61,99
1317,dominic solanke,1,39,0,0,51,69
1318,lys mousset,3,15,0,0,43,84
1319,sam surridge,0,2,0,0,43,4
1320,asmir begovic,0,0,0,0,42,0
1321,artur boruc,0,0,0,0,42,0
1322,mark travers,0,3,0,2,42,1
1323,ryan fraser,4,34,0,0,68,73
1324,david brooks,1,12,0,0,61,21
1325,junior stanislas,1,17,0,0,58,42
1326,jordon ibe,0,1,0,0,46,2
1327,lewis cook,2,30,0,0,50,40
1328,andrew surman,0,6,0,0,47,6
1329,dan gosling,2,23,0,0,48,54
1330,jefferson lerma,4,49,0,0,48,65
1331,shane duffy,3,18,0,0,48,44
1332,martin montoya,6,32,0,0,43,62
1333,bernardo fernandes da silva junior,1,17,0,0,43,21
1334,leon balogun,0,0,0,0,43,0
1335,gaetan bong,0,3,0,0,42,3
1336,lewis dunk,9,50,0,0,48,128
1337,matthew clarke,0,0,0,0,43,0
1338,glenn murray,2,10,0,0,54,36
1339,jurgen locadia,1,1,0,0,52,3
1340,florin andone,0,2,0,0,47,5
1341,mathew ryan,9,54,0,117,47,135
1342,david button,0,0,0,0,39,0
1343,pascal groß,3,32,1,0,62,76
1344,alireza jahanbakhsh,1,4,0,0,58,28
1345,jose heriberto izquierdo mena,0,0,0,0,54,0
1346,anthony knockaert,0,0,0,0,53,0
1347,yves bissouma,4,18,0,0,50,39
1348,davy propper,6,46,1,0,48,78
1349,solomon march,4,15,0,0,46,38
1350,beram kayal,0,0,0,0,42,0
1351,dale stephens,6,42,0,0,44,63
1352,leandro trossard,4,34,0,0,58,104
1353,ben mee,13,45,0,0,49,110
1354,james tarkowski,15,50,0,0,55,143
1355,matthew lowton,6,31,0,0,42,48
1356,phil bardsley,9,19,0,0,44,78
1357,charlie taylor,10,18,0,0,43,84
1358,kevin long,2,5,0,0,43,21
1359,ben gibson,0,0,0,0,39,0
1360,ashley barnes,8,21,0,0,61,61
1361,chris wood,11,33,1,0,62,136
1362,matej vydra,5,7,0,0,51,39
1363,nick pope,15,50,0,120,52,170
1364,tom heaton,4,35,1,67,43,59
1365,joe hart,0,0,0,0,42,0
1366,johann berg gudmundsson,3,7,0,0,59,30
1367,dwight mcneil,16,48,0,0,60,123
1368,robbie brady,1,10,0,0,55,32
1369,steven defour,0,0,0,0,55,0
1370,jeff hendrick,10,30,0,0,54,67
1371,ashley westwood,15,39,0,0,55,118
1372,jack cork,12,41,0,0,49,70
1373,marcos alonso,7,18,0,0,61,100
1374,antonio rudiger,5,24,1,0,59,63
1375,cesar azpilicueta,8,53,0,0,61,130
1376,david luiz moreira marinho,8,42,0,0,57,94
1377,emerson palmieri dos santos,1,21,0,0,54,19
1378,andreas christensen,3,33,0,0,48,34
1379,davide zappacosta,0,0,0,0,42,0
1380,olivier giroud,6,16,0,0,67,68
1381,kepa arrizabalaga,8,47,0,55,54,90
1382,willy caballero,1,7,0,10,48,13
1383,willian borges da silva,10,35,0,0,73,168
1384,pedro rodriguez ledesma,2,12,0,0,68,32
1385,ruben loftus-cheek,1,3,0,0,59,12
1386,callum hudson-odoi,2,14,0,0,51,53
1387,ross barkley,5,14,0,0,56,61
1388,jorge luiz frello filho,6,40,0,0,49,92
1389,n’golo kante,3,25,0,0,50,57
1390,daniel drinkwater,0,11,0,0,44,6
1391,ethan ampadu,0,0,0,0,43,0
1392,aaron wan-bissaka,12,33,0,0,55,127
1393,patrick van aanholt,8,38,1,0,56,109
1394,james tomkins,3,23,0,0,49,48
1395,mamadou sakho,0,21,0,0,50,11
1396,joel ward,7,36,0,0,43,77
1397,scott dann,5,14,0,0,43,51
1398,martin kelly,6,16,0,0,41,64
1399,christian benteke,5,18,0,0,57,42
1400,connor wickham,0,2,0,0,43,15
1401,vicente guaita,10,42,1,111,49,137
1402,wayne hennessey,0,8,0,16,42,7
1403,wilfried zaha,9,46,0,0,66,120
1404,luka milivojevic,7,38,0,0,67,81
1405,andros townsend,3,23,0,0,56,48
1406,max meyer,1,11,0,0,52,23
1407,jeffrey schlupp,4,16,0,0,54,51
1408,james mcarthur,11,38,0,0,52,92
1409,cheikhou kouyate,10,36,0,0,48,85
1410,luke dreher,0,0,0,0,43,0
1411,lucas digne,9,49,1,0,59,120
1412,yerry mina,5,37,1,0,53,78
1413,michael keane,7,42,1,0,52,90
1414,seamus coleman,5,29,0,0,53,55
1415,leighton baines,0,8,0,0,49,14
1416,cenk tosun,2,6,0,0,57,24
1417,dominic calvert-lewin,8,43,0,0,61,126
1418,jordan pickford,9,56,0,94,52,117
1419,maarten stekelenburg,0,0,0,0,39,0
1420,richarlison de andrade,9,51,0,0,82,165
1421,gylfi sigurdsson,6,45,0,0,73,95
1422,bernard anicio caldeira duarte,9,12,0,0,64,72
1423,theo walcott,4,19,0,0,62,63
1424,tom davies,5,34,0,0,53,59
1425,ademola lookman,0,0,0,0,50,0
1426,idrissa gueye,0,0,0,0,50,0
1427,james mccarthy,2,29,0,0,42,41
1428,morgan schneiderlin,1,20,0,0,44,18
1429,andre filipe tavares gomes,5,20,0,0,52,39
1430,ricardo domingos barbosa pereira,10,27,0,0,62,123
1431,harry maguire,13,36,0,0,53,123
1432,benjamin chilwell,9,26,0,0,54,114
1433,jonny evans,13,41,1,0,53,128
1434,christian fuchs,2,10,0,0,42,26
1435,caglar soyuncu,12,35,0,0,49,120
1436,wes morgan,1,6,0,0,41,19
1437,jamie vardy,11,38,0,0,97,210
1438,kelechi iheanacho,3,9,0,0,57,64
1439,kasper schmeichel,13,41,0,97,55,156
1440,eldin jakupovic,0,0,0,0,42,0
1441,danny ward,0,0,0,0,42,0
1442,james maddison,10,26,0,0,73,125
1443,harvey barnes,9,24,0,0,58,133
1444,rachid ghezzal,0,0,0,0,51,0
1445,marc albrighton,3,11,0,0,51,38
1446,demarai gray,1,6,0,0,50,44
1447,wilfred ndidi,12,32,0,0,50,85
1448,matty james,0,0,0,0,43,1
1449,daniel amartey,0,0,0,0,42,0
1450,nampalys mendy,1,3,0,0,43,11
1451,hamza choudhury,3,12,0,0,42,35
1452,andrew robertson,13,31,0,0,70,181
1453,trent alexander-arnold,14,32,0,0,77,210
1454,virgil van dijk,15,33,0,0,65,178
1455,joseph gomez,12,16,0,0,53,93
1456,joel matip,3,5,0,0,52,39
1457,dejan lovren,0,11,0,0,53,18
1458,roberto firmino,16,26,0,0,93,155
1459,divock origi,2,12,0,0,51,65
1460,alisson ramses becker,13,24,0,58,62,122
1461,simon mignolet,0,0,0,0,45,0
1462,mohamed salah,16,26,0,0,125,233
1463,sadio mane,12,28,0,0,121,221
1464,alex oxlade-chamberlain,8,12,1,0,61,76
1465,xherdan shaqiri,1,2,0,0,63,15
1466,adam lallana,1,5,0,0,57,27
1467,naby keita,5,8,0,0,58,52
1468,fabio henrique tavares,6,26,0,0,54,77
1469,jordan henderson,16,14,0,0,52,116
1470,georginio wijnaldum,12,28,0,0,54,107
1471,james milner,4,9,0,0,53,49
1472,rafael camacho,0,0,0,0,45,0
1473,aymeric laporte,8,5,0,0,63,63
1474,kyle walker,12,24,0,0,57,114
1475,benjamin mendy,9,13,0,0,55,74
1476,fabian delph,2,24,0,0,53,24
1477,oleksandr zinchenko,6,15,0,0,52,49
1478,john stones,3,16,0,0,53,34
1479,nicolas otamendi,7,21,0,0,48,82
1480,danilo luiz da silva,0,0,0,0,50,0
1481,sergio aguero,5,18,0,0,116,132
1482,gabriel fernando de jesus,12,14,0,0,99,146
1483,ederson santana de moraes,16,31,0,68,61,133
1484,claudio bravo,1,7,0,8,47,11
1485,raheem sterling,13,31,0,0,120,204
1486,kevin de bruyne,18,22,0,0,106,251
1487,leroy sane,0,0,0,0,91,1
1488,riyad mahrez,10,15,0,0,86,175
1489,bernardo mota veiga de carvalho e silva,9,24,0,0,76,116
1490,david silva,11,15,0,0,75,139
1491,phil foden,4,7,0,0,55,69
1492,fernando luiz rosa,10,27,1,0,51,55
1493,ilkay gundogan,7,28,0,0,51,65
1494,chris smalling,0,0,0,0,52,0
1495,ashley young,2,10,0,0,54,24
1496,victor lindelof,12,32,1,0,53,116
1497,luke shaw,8,15,0,0,54,67
1498,marcos rojo,0,2,0,0,48,3
1499,eric bailly,1,1,0,0,47,9
1500,jose diogo dalot teixeira,0,1,0,0,49,4
1501,matteo darmian,0,0,0,0,49,0
1502,phil jones,0,3,0,0,47,2
1503,romelu lukaku,0,0,0,0,85,0
1504,marcus rashford,9,29,0,0,89,177
1505,mason greenwood,6,13,0,0,48,103
1506,david de gea,13,36,0,95,53,143
1507,sergio romero,0,0,0,0,46,0
1508,lee grant,0,0,0,0,47,0
1509,paul pogba,6,9,0,0,83,51
1510,anthony martial,14,27,0,0,85,200
1511,alexis sanchez,0,0,0,0,68,0
1512,jesse lingard,1,14,0,0,63,32
1513,juan mata,4,8,0,0,61,38
1514,daniel james,7,29,0,0,57,95
1515,frederico rodrigues de paula santos,6,26,0,0,51,50
1516,angel gomes,0,1,0,0,47,2
1517,andreas pereira,6,16,0,0,47,60
1518,nemanja matic,10,13,0,0,48,55
1519,scott mctominay,3,20,0,0,48,74
1520,tahith chong,0,0,0,0,42,3
1521,james garner,0,1,0,0,43,1
1522,matt ritchie,8,19,0,0,53,74
1523,fabian schar,4,38,0,0,50,55
1524,deandre yedlin,1,18,0,0,44,26
1525,federico fernandez,8,42,1,0,46,102
1526,paul dummett,5,20,1,0,43,44
1527,javier manquillo,8,21,0,0,43,65
1528,florian lejeune,1,10,0,0,43,24
1529,jamaal lascelles,8,31,0,0,42,73
1530,ciaran clark,4,14,0,0,43,49
1531,yoshinori muto,0,7,0,0,51,9
1532,jose luis mato sanmartin,0,0,0,0,50,0
1533,martin dubravka,11,58,0,139,51,143
1534,karl darlow,0,0,0,0,43,0
1535,frederick woodman,0,0,0,0,39,0
1536,ayoze perez,9,25,0,0,60,129
1537,miguel almiron,12,48,0,0,58,109
1538,christian atsu,3,15,0,0,53,37
1539,sung-yueng ki,0,6,0,0,47,4
1540,jonjo shelvey,8,34,0,0,49,105
1541,sean longstaff,2,26,0,0,50,44
1542,isaac hayden,8,36,0,0,44,73
1543,timm klose,0,13,0,0,43,9
1544,ben godfrey,3,62,1,0,44,38
1545,maximillian aarons,5,71,0,0,42,66
1546,christoph zimmermann,3,27,0,0,44,35
1547,jamal lewis,3,56,0,0,44,48
1548,grant hanley,2,25,1,0,40,23
1549,teemu pukki,6,59,0,0,64,139
1550,dennis srbeny,0,2,0,0,52,13
1551,tim krul,5,68,1,131,46,109
1552,michael mcgovern,0,6,0,7,41,11
1553,mario vrancic,0,19,0,0,62,29
1554,emiliano buendia,3,54,0,0,60,94
1555,onel hernandez,1,32,0,0,53,52
1556,marco stiepermann,1,32,0,0,50,32
1557,kenny mclean,5,63,0,0,48,77
1558,todd cantwell,6,54,0,0,45,111
1559,moritz leitner,1,16,0,0,43,16
1560,alexander tettey,5,44,0,0,44,67
1561,tom trybull,2,25,0,0,43,28
1562,enda stevens,13,39,0,0,52,142
1563,kieron freeman,0,0,0,0,42,2
1564,jack o’connell,12,28,0,0,45,111
1565,george baldock,13,39,0,0,50,142
1566,john egan,13,33,0,0,47,133
1567,richard stearman,0,0,0,0,39,0
1568,john lundstram,10,29,0,0,46,144
1569,billy sharp,4,10,0,0,52,57
1570,jake eastwood,0,0,0,0,43,0
1571,mark duffy,0,0,0,0,52,0
1572,john fleck,8,30,0,0,47,101
1573,oliver norwood,13,36,0,0,47,98
1574,david mcgoldrick,7,18,0,0,54,65
1575,chris basham,13,37,0,0,46,123
1576,jannik vestergaard,4,26,0,0,45,51
1577,ryan bertrand,7,52,0,0,48,75
1578,yan valery,1,20,0,0,46,18
1579,jan bednarek,7,57,1,0,44,84
1580,jack stephens,7,39,0,0,44,85
1581,matt targett,5,40,0,0,43,80
1582,maya yoshida,1,18,0,0,41,10
1583,kayne ramsay,0,0,0,0,39,0
1584,charlie austin,0,0,0,0,60,0
1585,danny ings,6,44,0,0,76,198
1586,michael obafemi,3,12,0,0,49,45
1587,shane long,5,20,0,0,46,62
1588,sam gallagher,0,0,0,0,45,0
1589,fraser forster,0,0,0,0,42,0
1590,alex mccarthy,7,35,0,79,45,104
1591,angus gunn,2,25,0,30,42,29
1592,nathan redmond,7,51,0,0,62,107
1593,james ward-prowse,9,60,0,0,57,117
1594,mohamed elyounoussi,0,0,0,0,52,0
1595,stuart armstrong,7,25,0,0,52,98
1596,mario lemina,0,0,0,0,46,0
1597,pierre-emile højbjerg,7,51,0,0,48,75
1598,tyreke johnson,0,0,0,0,44,0
1599,callum slattery,0,0,0,0,44,0
1600,oriol romeu vidal,5,38,0,0,43,51
1601,ben davies,4,19,0,0,53,41
1602,jan vertonghen,4,24,0,0,52,62
1603,toby alderweireld,7,39,1,0,53,97
1604,danny rose,5,28,0,0,53,47
1605,davinson sanchez,4,37,0,0,53,64
1606,kieran trippier,0,0,0,0,55,0
1607,juan foyth,0,3,0,0,48,3
1608,serge aurier,9,33,1,0,51,124
1609,kyle walker-peters,2,12,0,0,44,32
1610,harry kane,6,36,0,0,110,158
1611,vincent janssen,0,0,0,0,45,0
1612,hugo lloris,6,21,0,80,53,98
1613,paulo gazzaniga,2,26,0,59,41,58
1614,heung-min son,7,32,0,0,97,169
1615,christian eriksen,1,18,0,0,86,48
1616,bamidele alli,4,25,0,0,83,117
1617,lucas rodrigues moura da silva,6,29,0,0,70,100
1618,erik lamela,5,12,0,0,57,65
1619,harry winks,6,31,0,0,52,52
1620,victor wanyama,0,2,0,0,47,1
1621,moussa sissoko,7,31,0,0,48,69
1622,eric dier,3,23,0,0,48,36
1623,luke amos,0,0,0,0,44,0
1624,oliver skipp,0,1,0,0,42,7
1625,jose holebas,2,28,0,0,46,21
1626,christian kabasele,7,35,0,0,43,73
1627,adam masina,6,31,0,0,43,66
1628,adrian mariappa,3,33,1,0,41,26
1629,francisco femenia far,5,46,0,0,42,54
1630,craig cathcart,9,37,0,0,41,77
1631,daryl janmaat,4,5,1,0,40,36
1632,marc navarro,0,0,0,0,39,0
1633,sebastian prodl,0,0,0,0,39,1
1634,troy deeney,6,39,0,0,62,109
1635,gerard deulofeu,8,33,0,0,61,88
1636,andre gray,0,17,0,0,55,39
1637,isaac success ajayi,0,3,0,0,47,4
1638,ben foster,9,64,0,117,49,137
1639,pontus dahlberg,0,0,0,0,42,0
1640,abdoulaye doucoure,10,61,1,0,54,113
1641,roberto pereyra,5,27,0,0,56,60
1642,will hughes,5,46,0,0,53,62
1643,tom cleverley,1,26,0,0,48,33
1644,ken sema,0,0,0,0,47,0
1645,etienne capoue,8,48,0,0,48,78
1646,nathaniel chalobah,2,14,0,0,44,36
1647,domingos quina,0,2,0,0,43,4
1648,aaron cresswell,5,51,0,0,45,79
1649,angelo ogbonna,7,44,1,0,45,81
1650,arthur masuaku,2,18,0,0,41,26
1651,pablo zabaleta,0,14,0,0,41,10
1652,ryan fredericks,7,39,0,0,44,74
1653,issa diop,4,54,0,0,43,76
1654,fabian balbuena,3,24,0,0,43,40
1655,winston reid,0,0,0,0,39,0
1656,ben johnson,0,3,0,0,40,6
1657,marko arnautovic,0,0,0,0,70,0
1658,javier hernandez balcazar,0,4,0,0,60,9
1659,alexandre nascimento costa silva,0,0,0,0,43,0
1660,lukasz fabianski,5,34,0,72,49,83
1661,michail antonio,3,30,0,0,71,111
1662,felipe anderson pereira gomes,7,27,0,0,66,66
1663,manuel lanzini,2,30,0,0,61,50
1664,andriy yarmolenko,3,17,0,0,52,70
1665,robert snodgrass,3,33,0,0,50,87
1666,jack wilshere,0,5,0,0,46,8
1667,declan rice,7,62,0,0,47,105
1668,mark noble,7,44,0,0,49,105
1669,carlos sanchez,0,2,0,0,43,7
1670,grady diangana,0,0,0,0,43,0
1671,pablo fornals,6,35,0,0,60,93
1672,pedro obiang,0,0,0,0,45,0
1673,matt doherty,12,31,0,0,65,167
1674,jonathan castro otto,11,35,0,0,55,123
1675,conor coady,13,40,0,0,51,118
1676,ryan bennett,3,17,0,0,48,32
1677,willy boly,12,15,0,0,49,97
1678,ruben goncalo silva nascimento vinagre,3,6,0,0,41,32
1679,romain saiss,10,34,0,0,47,103
1680,max kilman,0,2,0,0,39,5
1681,raul jimenez,15,36,0,0,80,194
1682,diogo jota,10,28,0,0,60,105
1683,rui pedro dos santos patricio,13,40,0,90,53,153
1684,john ruddy,0,0,0,0,42,0
1685,will norris,0,0,0,0,39,0
1686,ruben diogo da silva neves,13,35,0,0,52,97
1687,joao filipe iria santos moutinho,11,36,0,0,53,113
1688,morgan gibbs-white,0,2,0,0,47,11
1689,adama traore,7,33,0,0,56,130
1690,helder costa,0,0,0,0,48,0
1691,ivan cavaleiro,0,0,0,0,49,0
1692,leander dendoncker,11,34,1,0,44,100
1693,emiliano martinez,3,9,0,34,44,33
1694,wesley moraes,6,31,0,0,54,67
1695,jed steer,0,0,0,0,43,1
1696,aaron lennon,0,15,0,0,46,15
1697,christian pulisic,6,28,0,0,74,127
1698,mateo kovacic,4,37,0,0,53,68
1699,james justin,4,14,1,0,47,35
1700,josip drmic,0,13,0,0,53,26
1701,patrick roberts,0,2,0,0,50,3
1702,simon moore,0,6,0,5,43,3
1703,che adams,4,17,0,0,53,78
1704,moussa djenepo,2,14,0,0,52,40
1705,craig dawson,4,49,0,0,48,61
1706,jose angel esmoris tasende,0,7,0,0,46,11
1707,luke freeman,1,5,0,0,50,13
1708,tanguy ndombele,1,17,0,0,58,45
1709,tyrone mings,6,53,0,0,44,90
1710,ezri konsa ngoyo,5,39,0,0,43,65
1711,jack stacey,1,27,0,0,43,39
1712,erik pieters,6,35,0,0,43,77
1713,jay rodriguez,7,34,0,0,57,100
1714,victor camarasa,0,0,0,0,45,1
1715,youri tielemans,12,35,0,0,61,117
1716,rodrigo hernandez,14,27,0,0,53,92
1717,ralf fahrmann,0,1,0,1,44,1
1718,phil jagielka,0,6,0,0,41,6
1719,roberto jimenez gago,0,17,1,36,44,18
1720,bjorn engels,3,32,0,0,43,42
1721,adrian san miguel del castillo,2,10,0,18,40,27
1722,sam byram,3,23,0,0,43,32
1723,callum robinson,2,6,0,0,49,33
1724,ravel morrison,0,0,0,0,45,1
1725,sebastien haller,5,41,0,0,68,102
1726,calum chambers,3,15,0,0,43,42
1727,frederic guilbert,6,36,0,0,43,62
1728,mahmoud ahmed ibrahim hassan,6,29,0,0,52,98
1729,kurt zouma,7,37,1,0,47,62
1730,tammy abraham,7,34,1,0,73,153
1731,michy batshuayi,0,8,0,0,66,28
1732,robert kenedy nunes do nascimento,0,0,0,0,52,0
1733,mason mount,9,44,0,0,60,137
1734,jordan ayew,12,45,0,0,51,132
1735,rhian brewster,0,0,0,0,42,0
1736,joelinton cassio apolinario de lira,9,46,0,0,55,78
1737,daniel ceballos fernandez,7,21,0,0,52,57
1738,douglas luiz soares de paulo,8,51,0,0,43,90
1739,lovre kalinic,0,0,0,0,42,0
1740,harry wilson,2,32,0,0,57,91
1741,philip billing,5,41,0,0,49,68
1742,dan burn,9,42,0,0,45,86
1743,reece james,5,23,0,0,49,61
1744,lewis gibson,0,0,0,0,42,0
1745,mason holgate,5,34,0,0,42,71
1746,jonas lossl,0,0,0,0,42,0
1747,andy king,0,0,0,0,42,0
1748,axel tuanzebe,0,3,0,0,44,7
1749,jack colback,0,0,0,0,43,0
1750,jacob murphy,0,0,0,0,47,0
1751,philip heise,0,0,0,0,39,0
1752,dean henderson,13,33,0,97,52,160
1753,ben osborn,2,4,0,0,47,19
1754,wesley hoedt,0,0,0,0,42,0
1755,cedric soares,4,20,0,0,48,61
1756,troy parrott,0,0,0,0,43,2
1757,jesus vallejo lazaro,0,6,0,0,46,1
1758,patrick cutrone,1,6,0,0,54,23
1759,nicolas pepe,5,30,0,0,89,106
1760,reiss nelson,2,7,0,0,53,30
1761,joseph willock,1,16,0,0,47,41
1762,marvelous nakamba,1,37,0,0,44,43
1763,arnaut danjuma groeneveld,2,12,0,0,58,24
1764,aaron ramsdale,5,62,0,128,44,126
1765,adam webster,5,44,1,0,44,88
1766,neal maupay,8,36,0,0,57,131
1767,bailey peacock-farrell,0,0,0,0,43,0
1768,gary cahill,7,35,0,0,43,70
1769,georges-kevin nkoudou,0,0,0,0,50,1
1770,moise kean,1,15,0,0,63,53
1771,jean-philippe gbamin,1,0,0,0,48,4
1772,jetro willems,3,24,0,0,43,64
1773,rolando aarons,0,0,0,0,48,0
1774,allan saint-maximin,8,22,0,0,52,92
1775,oliver mcburnie,9,25,0,0,55,86
1776,sofiane boufal,1,17,0,0,55,34
1777,gabriel teodoro martinelli silva,2,9,0,0,42,39
1778,kieran tierney,2,16,0,0,53,42
1779,aaron mooy,6,33,0,0,47,80
1780,djibril sidibe,5,30,0,0,50,74
1781,dennis praet,2,17,0,0,52,54
1782,joao pedro cavaco cancelo,5,11,0,0,51,45
1783,emil krafth,3,23,0,0,43,37
1784,andy carroll,2,10,0,0,54,34
1785,ibrahim amadou,1,20,0,0,45,18
1786,michael verrips,0,0,0,0,44,0
1787,muhamed besi?,0,2,0,0,43,9
1788,giovani lo celso,6,18,0,0,73,54
1789,ryan sessegnon,0,5,0,0,54,9
1790,danny welbeck,1,15,0,0,58,39
1791,heurelho da silva gomes,0,0,0,0,43,0
1792,ismaila sarr,6,35,0,0,59,107
1793,albian ajeti,0,3,0,0,56,9
1794,fikayo tomori,4,18,0,0,42,48
1795,pedro lomba neto,1,12,0,0,49,57
1796,andy lonergan,0,0,0,0,42,0
1797,caoimhin kelleher,0,0,0,0,44,0
1798,kevin danso,1,8,0,0,42,9
1799,billy gilmour,1,3,0,0,41,9
1800,daniel n’lundulu,0,0,0,0,44,0
1801,aaron connolly,5,22,0,0,42,61
1802,adam idah,0,9,0,0,44,13
1803,matthew longstaff,1,11,0,0,45,27
1804,jairo riedewald,0,9,0,0,45,22
1805,steven alzate,3,18,0,0,44,33
1806,tudor baluta,0,0,0,0,40,0
1807,bukayo saka,7,18,0,0,47,71
1808,dimitri foulquier,0,6,0,0,39,1
1809,eric garcia,5,7,0,0,45,38
1810,alfie whiteman,0,0,0,0,40,0
1811,addji keaninkin marc-israel guehi,0,0,0,0,39,0
1812,ezequiel schelotto,0,7,0,0,39,9
1813,leon clarke,0,2,0,0,44,2
1814,harry lewis,0,0,0,0,40,0
1815,harvey elliott,0,0,0,0,45,2
1816,brandon williams,5,11,0,0,38,51
1817,dwight gayle,4,15,0,0,50,58
1818,david martin,2,6,0,15,39,20
1819,akin famewo,0,0,0,0,39,1
1820,archie mair,0,0,0,0,40,0
1821,michel vorm,0,0,0,0,42,0
1822,stephen henderson,0,0,0,0,40,0
1823,beni baningime,0,0,0,0,44,0
1824,brandon austin,0,0,0,0,40,0
1825,bernard ashley-seal,0,0,0,0,45,0
1826,taylor perry,0,0,0,0,45,0
1827,anthony gordon,0,6,0,0,45,17
1828,scott carson,0,0,0,0,40,0
1829,ayotomiwa dele-bashiru,0,0,0,0,44,0
1830,christian saydee,0,0,0,0,45,0
1831,gavin kilkenny,0,0,0,0,45,0
1832,owen otasowie,0,0,0,0,45,0
1833,luke cundle,0,0,0,0,45,0
1834,nathan holland,0,1,0,0,44,2
1835,curtis jones,1,1,0,0,45,13
1836,mace goodridge,0,0,0,0,45,0
1837,anthony driscoll-glennon,0,0,0,0,39,0
1838,oumar niasse,0,2,0,0,45,3
1839,mihai-alexandru dobre,0,0,0,0,44,0
1840,neco williams,1,2,0,0,40,14
1841,robert elliot,0,0,0,0,40,0
1842,emile smith rowe,1,0,0,0,43,4
1843,rhu-endly martina,0,0,0,0,40,0
1844,sam woods,0,0,0,0,39,0
1845,tyrick mitchell,0,4,0,0,40,4
1846,brandon pierrick,0,0,0,0,45,2
1847,james daly,0,0,0,0,45,0
1848,jeremy ngakia,0,8,0,0,40,8
1849,japhet tanganga,2,7,0,0,39,17
1850,joseph anang,0,0,0,0,40,0
1851,indiana vassilev,0,1,0,0,45,4
1852,william smallbone,3,4,0,0,45,24
1853,tyreece john-jules,0,0,0,0,44,0
1854,tariq lamptey,3,8,0,0,41,26
1855,oskar buur,0,0,0,0,40,0
1856,jose reina,2,20,0,33,42,41
1857,gedson carvalho fernandes,0,1,0,0,46,7
1858,nya kirby,0,0,0,0,45,0
1859,bernardo costa da rosa,0,0,0,0,45,0
1860,goncalo bento soares cardoso,0,0,0,0,40,0
1861,nathaniel phillips,0,0,0,0,39,0
1862,takumi minamino,0,2,0,0,58,11
1863,jack rodwell,0,0,0,0,45,1
1864,joao pedro junqueira de jesus,0,1,0,0,48,3
1865,ryan giles,0,0,0,0,39,0
1866,abd-al-ali morakinyo olaposi koiki,0,0,0,0,40,0
1867,filip benkovic,0,0,0,0,39,0
1868,thomas allan,0,0,0,0,45,0
1869,kelland watts,0,1,0,0,39,1
1870,ondrej duda,3,9,0,0,44,24
1871,lukas rupp,1,18,0,0,44,19
1872,ignacio pussetto,0,3,0,0,46,6
1873,darren randolph,0,5,0,6,39,3
1874,giovanni mcgregor,0,0,0,0,45,0
1875,bruno andre cavaco jordao,0,0,0,0,45,1
1876,liam gibson,0,0,0,0,40,0
1877,jack robinson,1,11,0,0,40,14
1878,nabil bentaleb,2,16,0,0,47,19
1879,mbwana samatta,4,18,0,0,51,29
1880,valentino lazaro,0,13,0,0,53,19
1881,richairo zivkovic,0,4,0,0,47,5
1882,pablo mari,1,0,0,0,44,8
1883,steven bergwijn,2,9,0,0,69,43
1884,tomas soucek,1,18,1,0,48,41
1885,josh brownhill,4,10,0,0,48,21
1886,bruno miguel borges fernandes,9,6,0,0,90,117
1887,sander berge,4,11,0,0,47,40
1888,daniel castelo podence,3,0,0,0,49,25
1889,josh martin,0,2,0,0,45,5
1890,zech medley,0,0,0,0,40,0
1891,borja gonzalez tomas,0,2,0,0,53,2
1892,odion ighalo,0,0,0,0,59,11
1893,panagiotis retsos,0,0,0,0,45,0
1894,jarrod bowen,1,13,0,0,64,44
1895,alexis mac allister,0,6,0,0,54,12
1896,nathan tella,0,0,0,0,45,1
1897,ki-jana hoever,0,0,0,0,39,0
1898,joao manuel neves virginia,0,0,0,0,40,0
1899,harvey white,0,0,0,0,45,0
1900,faustino anjorin,0,0,0,0,45,1
1901,nikola tavares,0,0,0,0,40,0
1902,armando broja,0,0,0,0,45,1
1903,jarrad branthwaite,1,6,0,0,40,11
1904,jimmy dunne,0,0,0,0,40,0
1905,bobby thomas,0,0,0,0,40,0
1906,max thompson,0,0,0,0,45,1
1907,lukas jensen,0,0,0,0,40,0
1908,alexandre jankewitz,0,0,0,0,45,0
1909,matt macey,0,0,0,0,40,0
1910,matthew smith,0,0,0,0,40,0
1911,taylor harwood-bellis,0,0,0,0,40,0
1912,cole palmer,0,0,0,0,45,0
1913,tommy doyle,0,0,0,0,45,1
1914,jake vokins,0,1,0,0,40,2
1915,adalberto penaranda,0,0,0,0,45,0
1916,jordan thomas,0,0,0,0,40,1
1917,alfie lewis,0,0,0,0,45,0
1918,leonardo campana,0,0,0,0,45,0
1919,josh benson,0,0,0,0,45,0
1920,will ferry,0,0,0,0,45,0
1921,dennis cirkin,0,0,0,0,40,0
1922,jack young,0,0,0,0,45,0
1923,joel mumbongo,0,0,0,0,45,0
1924,lewis bate,0,0,0,0,45,0
1925,luke thomas,1,4,0,0,40,15
1926,kaine hayden,0,0,0,0,45,0
1927,timothy fosu-mensah,1,1,0,0,45,7
1928,george hirst,0,1,0,0,45,2
1929,darnell johnson,0,0,0,0,40,0
1930,jacob maddox,0,0,0,0,45,0
1931,conor coventry,0,0,0,0,45,0
1932,alex cochrane,0,0,0,0,40,0
1933,john-kymani gordon,0,0,0,0,45,0
1934,ellis simms,0,0,0,0,45,0
1935,name,Clean Sheets,Conceded,Own Goals,Saves,Cost,Points
1936,mesut ozil,0,0,0,0,67,0
1937,sokratis papastathopoulos,0,0,0,0,48,0
1938,david luiz moreira marinho,3,20,0,0,54,41
1939,pierre-emerick aubameyang,10,26,1,0,113,131
1940,cedric soares,2,11,0,0,46,28
1941,alexandre lacazette,7,21,0,0,84,129
1942,shkodran mustafi,0,1,0,0,50,3
1943,bernd leno,11,37,1,86,50,131
1944,granit xhaka,10,27,0,0,52,70
1945,pablo mari,4,8,0,0,44,34
1946,hector bellerin,7,24,0,0,50,94
1947,emiliano martinez,15,46,0,142,53,186
1948,calum chambers,2,10,0,0,45,36
1949,sead kolasinac,0,1,0,0,48,2
1950,ainsley maitland-niles,6,23,0,0,46,68
1951,rob holding,11,26,1,0,43,105
1952,kieran tierney,8,27,0,0,52,96
1953,nicolas pepe,4,21,0,0,77,114
1954,lucas torreira,0,0,0,0,47,0
1955,joseph willock,4,18,0,0,49,79
1956,reiss nelson,0,0,0,0,51,2
1957,edward nketiah,1,6,0,0,53,36
1958,emile smith rowe,9,10,0,0,42,74
1959,bukayo saka,8,31,1,0,51,114
1960,matteo guendouzi,0,0,0,0,47,0
1961,gabriel teodoro martinelli silva,4,3,0,0,49,36
1962,william saliba,0,0,0,0,40,0
1963,tom heaton,0,0,0,0,45,0
1964,ahmed el mohamady,3,9,0,0,42,33
1965,henri lansbury,0,0,0,0,43,0
1966,neil taylor,0,2,0,0,42,-1
1967,jed steer,0,0,0,0,39,0
1968,conor hourihane,2,2,0,0,59,20
1969,jose ignacio peleteiro romallo,0,0,0,0,59,0
1970,ørjan nyland,0,0,0,0,40,0
1971,bjorn engels,0,0,0,0,44,0
1972,jack grealish,12,28,0,0,75,135
1973,john mcginn,14,46,0,0,55,114
1974,kortney hause,3,6,0,0,44,32
1975,mahmoud ahmed ibrahim hassan,6,14,0,0,52,56
1976,tyrone mings,14,42,1,0,54,128
1977,matt targett,16,44,0,0,50,138
1978,james bree,0,0,0,0,45,0
1979,marvelous nakamba,4,6,0,0,43,27
1980,anwar el ghazi,5,22,0,0,52,111
1981,ezri konsa ngoyo,12,46,0,0,46,119
1982,frederic guilbert,0,0,0,0,43,0
1983,wesley moraes,0,1,0,0,60,3
1984,mbwana samatta,0,0,0,0,59,0
1985,keinan davis,1,1,0,0,42,23
1986,indiana vassilev,0,0,0,0,43,0
1987,douglas luiz soares de paulo,12,41,0,0,48,72
1988,glenn murray,0,0,0,0,48,0
1989,adam lallana,5,18,0,0,62,58
1990,dale stephens,0,4,0,0,42,8
1991,david button,0,2,0,4,39,2
1992,pascal groß,10,28,0,0,58,116
1993,shane duffy,0,0,0,0,43,0
1994,davy propper,0,2,0,0,47,9
1995,aaron mooy,0,0,0,0,50,0
1996,dan burn,6,28,1,0,42,64
1997,lewis dunk,11,40,1,0,48,130
1998,martin montoya,0,0,0,0,45,0
1999,florin andone,0,0,0,0,48,0
2000,solomon march,7,25,0,0,49,69
2001,adam webster,9,35,0,0,43,85
2002,joel veltman,9,27,0,0,43,96
2003,neal maupay,10,34,0,0,58,105
2004,leandro trossard,12,30,0,0,55,132
2005,mathew ryan,3,21,0,24,41,37
2006,alireza jahanbakhsh,1,9,0,0,54,24
2007,jose izquierdo,0,0,0,0,55,1
2008,matthew clarke,0,0,0,0,44,0
2009,ben white,12,44,0,0,45,104
2010,bernardo fernandes da silva junior,0,3,0,0,39,5
2011,yves bissouma,11,42,0,0,44,77
2012,tariq lamptey,2,15,0,0,46,35
2013,aaron connolly,1,17,0,0,52,38
2014,steven alzate,5,17,0,0,41,35
2015,alexis mac allister,5,14,0,0,53,48
2016,james tarkowski,11,50,0,0,53,109
2017,phil bardsley,0,8,0,0,44,2
2018,erik pieters,3,19,1,0,43,50
2019,jack cork,4,24,0,0,50,33
2020,kevin long,1,13,0,0,43,14
2021,jay rodriguez,4,25,0,0,57,54
2022,ashley barnes,6,19,0,0,60,52
2023,ben mee,10,41,0,0,47,102
2024,ashley westwood,11,55,0,0,53,112
2025,johann berg gudmundsson,3,24,0,0,54,50
2026,chris wood,9,43,0,0,66,138
2027,matthew lowton,10,47,0,0,44,103
2028,matej vydra,3,24,0,0,48,62
2029,ben gibson,0,0,0,0,39,0
2030,robbie brady,7,6,0,0,50,44
2031,nick pope,11,37,0,114,55,144
2032,charlie taylor,8,42,0,0,44,83
2033,josh brownhill,10,42,0,0,49,74
2034,bailey peacock-farrell,0,14,0,10,40,3
2035,dwight mcneil,11,50,0,0,57,113
2036,willy caballero,0,3,0,0,46,1
2037,cesar azpilicueta,13,20,0,0,58,113
2038,olivier giroud,4,5,0,0,67,47
2039,marcos alonso,5,13,0,0,56,57
2040,jorge luiz frello filho,14,17,0,0,47,114
2041,ross barkley,8,24,0,0,58,76
2042,mateo kovacic,9,26,0,0,53,54
2043,michy batshuayi,2,15,0,0,57,41
2044,antonio rudiger,11,10,1,0,47,93
2045,kurt zouma,9,25,0,0,53,108
2046,emerson palmieri dos santos,1,0,0,0,47,7
2047,kepa arrizabalaga,2,8,0,16,47,26
2048,n’golo kante,10,24,0,0,49,62
2049,hakim ziyech,10,7,0,0,79,70
2050,ruben loftus-cheek,11,22,0,0,59,66
2051,andreas christensen,8,17,0,0,47,61
2052,timo werner,13,29,0,0,92,128
2053,tammy abraham,5,12,0,0,71,69
2054,christian pulisic,7,21,0,0,83,82
2055,mason mount,14,32,0,0,73,147
2056,fikayo tomori,0,2,0,0,47,0
2057,callum hudson-odoi,6,5,0,0,57,59
2058,reece james,9,29,0,0,51,112
2059,billy gilmour,1,2,0,0,43,8
2060,gary cahill,4,39,0,0,45,53
2061,wayne hennessey,0,0,0,0,43,0
2062,mamadou sakho,0,8,0,0,44,4
2063,vicente guaita,8,64,0,107,48,124
2064,james tomkins,2,12,0,0,44,18
2065,james mcarthur,4,26,0,0,52,45
2066,james mccarthy,2,15,0,0,43,26
2067,christian benteke,5,34,0,0,55,106
2068,cheikhou kouyate,8,56,0,0,48,82
2069,joel ward,7,43,0,0,43,66
2070,martin kelly,0,0,0,0,41,1
2071,connor wickham,0,0,0,0,44,0
2072,andros townsend,7,37,0,0,55,94
2073,luka milivojevic,7,47,0,0,56,63
2074,patrick van aanholt,4,36,0,0,54,54
2075,jordan ayew,6,42,0,0,56,70
2076,wilfried zaha,6,52,0,0,71,136
2077,jeffrey schlupp,5,26,0,0,53,65
2078,max meyer,0,0,0,0,47,0
2079,jairo riedewald,4,39,0,0,44,64
2080,nathan ferguson,0,0,0,0,38,0
2081,tyrick mitchell,4,32,0,0,38,58
2082,brandon pierrick,0,0,0,0,43,0
2083,theo walcott,5,28,0,0,58,76
2084,fabian delph,0,6,0,0,48,8
2085,gylfi sigurdsson,10,29,0,0,68,122
2086,jonas lossl,0,0,0,0,43,0
2087,seamus coleman,8,19,0,0,49,81
2088,cenk tosun,0,3,0,0,60,4
2089,bernard anicio caldeira duarte,2,7,0,0,57,21
2090,lucas digne,9,42,0,0,62,120
2091,michael keane,11,43,0,0,50,127
2092,jordan pickford,10,39,0,89,48,114
2093,andre filipe tavares gomes,5,22,0,0,53,48
2094,alex iwobi,5,21,0,0,59,65
2095,jonjoe kenny,0,1,0,0,43,5
2096,jean-philippe gbamin,0,1,0,0,50,1
2097,yerry mina,6,22,0,0,55,79
2098,tom davies,5,23,0,0,52,47
2099,dominic calvert-lewin,11,39,0,0,75,165
2100,mason holgate,9,32,0,0,48,80
2101,richarlison de andrade,11,38,0,0,77,123
2102,joao virginia,0,0,0,3,43,2
2103,anthony gordon,0,0,0,0,43,3
2104,moise kean,0,0,0,0,57,2
2105,jarrad branthwaite,0,0,0,0,39,0
2106,fabricio agosto ramirez,0,0,0,0,39,0
2107,kevin mcdonald,0,0,0,0,47,0
2108,maxime le marchand,0,1,0,0,41,1
2109,stefan johansen,0,0,0,0,47,0
2110,tom cairney,1,15,0,0,52,27
2111,tim ream,0,13,0,0,42,10
2112,anthony knockaert,0,0,0,0,50,0
2113,michael hector,0,10,0,0,41,0
2114,cyrus christie,0,0,0,0,42,0
2115,neeskens kebano,0,3,0,0,47,6
2116,bobby decordova-reid,9,32,0,0,53,88
2117,joe bryan,0,17,0,0,45,27
2118,marcus bettinelli,0,0,0,0,43,0
2119,aleksandar mitrovi?,1,24,0,0,55,63
2120,alfie mawson,0,0,0,0,43,0
2121,marek rodak,0,5,0,4,43,2
2122,ivan ricardo neves abreu cavaleiro,7,43,0,0,53,85
2123,josh onomah,0,12,0,0,46,13
2124,jean michael seri,0,0,0,0,46,0
2125,aboubakar kamara,0,9,0,0,48,8
2126,andre-frank zambo anguissa,6,40,0,0,44,76
2127,zeze steven sessegnon,0,0,0,0,43,0
2128,pablo hernandez dominguez,1,6,0,0,57,28
2129,francisco casilla cortes,1,2,0,8,41,14
2130,liam cooper,6,41,0,0,43,59
2131,barry douglas,0,0,0,0,38,0
2132,luke ayling,12,54,0,0,44,100
2133,mateusz klich,8,44,0,0,52,99
2134,adam forshaw,0,0,0,0,48,0
2135,stuart dallas,12,53,0,0,55,171
2136,ezgjan alioski,10,35,0,0,44,110
2137,patrick bamford,10,50,0,0,66,194
2138,jack harrison,11,45,0,0,56,160
2139,kalvin phillips,9,34,0,0,49,67
2140,helder wander sousa de azevedo e costa,3,23,1,0,50,63
2141,tyler roberts,4,19,0,0,46,49
2142,jay-roy grot,0,0,0,0,47,0
2143,kamil miazek,0,0,0,0,40,0
2144,ian carlo poveda-ocampo,0,5,0,0,42,14
2145,jamie shackleton,1,11,0,0,48,17
2146,pascal struijk,7,32,0,0,40,71
2147,jordan stevens,0,0,0,0,43,0
2148,illan meslier,11,52,1,140,48,154
2149,leif davis,0,0,0,0,38,2
2150,oliver casey,0,0,0,0,38,0
2151,wes morgan,0,0,0,0,44,3
2152,kasper schmeichel,11,50,1,88,54,128
2153,christian fuchs,3,9,0,0,45,24
2154,jonny evans,10,31,1,0,56,109
2155,adrien silva,0,0,0,0,44,0
2156,marc albrighton,4,22,0,0,52,78
2157,matty james,0,0,0,0,43,0
2158,danny ward,0,0,0,0,43,0
2159,jamie vardy,8,44,0,0,102,184
2160,dennis praet,3,11,0,0,52,37
2161,ricardo domingos barbosa pereira,2,19,0,0,59,27
2162,daniel amartey,0,12,0,0,39,19
2163,youri tielemans,11,50,0,0,64,133
2164,ayoze perez,5,21,0,0,60,58
2165,demarai gray,0,0,0,0,51,1
2166,james maddison,10,28,0,0,72,133
2167,benjamin chilwell,12,23,0,0,59,139
2168,kelechi iheanacho,5,23,0,0,62,110
2169,hamza choudhury,2,2,0,0,46,14
2170,harvey barnes,7,25,0,0,66,126
2171,wilfred ndidi,7,31,0,0,48,79
2172,filip benkovic,0,0,0,0,43,0
2173,caglar soyuncu,5,30,0,0,53,59
2174,james justin,9,25,0,0,48,101
2175,luke thomas,1,18,0,0,41,26
2176,james milner,4,10,0,0,53,44
2177,konstantinos tsimikas,0,0,0,0,49,2
2178,georginio wijnaldum,10,39,0,0,53,97
2179,jordan henderson,4,23,0,0,54,56
2180,adrian san miguel del castillo,1,9,0,10,42,11
2181,joel matip,3,5,0,0,54,42
2182,xherdan shaqiri,2,7,0,0,64,26
2183,alex oxlade-chamberlain,0,6,0,0,63,21
2184,roberto firmino,10,39,0,0,91,141
2185,virgil van dijk,1,11,0,0,62,15
2186,sadio mane,12,28,0,0,118,176
2187,alisson ramses becker,10,32,0,84,60,140
2188,fabio henrique tavares,11,29,0,0,54,71
2189,mohamed salah,11,41,0,0,129,231
2190,andrew robertson,12,42,0,0,73,161
2191,divock origi,1,0,0,0,51,10
2192,harry wilson,0,0,0,0,51,0
2193,takumi minamino,2,18,0,0,60,48
2194,trent alexander-arnold,10,40,0,0,78,160
2195,joseph gomez,0,14,0,0,52,10
2196,naby keita,2,8,0,0,52,15
2197,rhian brewster,2,16,0,0,42,34
2198,curtis jones,5,14,0,0,44,50
2199,neco williams,1,1,0,0,38,11
2200,harvey elliott,0,0,0,0,43,0
2201,fernando luiz rosa,7,10,0,0,54,62
2202,claudio bravo,0,0,0,0,45,0
2203,sergio aguero,4,4,0,0,103,38
2204,nicolas otamendi,0,0,0,0,49,0
2205,kyle walker,9,20,0,0,61,91
2206,ilkay gundogan,12,16,0,0,55,157
2207,kevin de bruyne,12,17,0,0,118,141
2208,john stones,14,12,0,0,51,128
2209,benjamin mendy,5,10,0,0,59,63
2210,riyad mahrez,11,22,0,0,81,145
2211,raheem sterling,14,23,0,0,109,154
2212,joao pedro cavaco cancelo,14,21,0,0,58,138
2213,ederson santana de moraes,19,28,0,66,61,160
2214,nathan ake,3,13,0,0,54,29
2215,aymeric laporte,7,10,0,0,60,58
2216,bernardo mota veiga de carvalho e silva,11,18,0,0,74,94
2217,gabriel fernando de jesus,11,17,0,0,91,115
2218,oleksandr zinchenko,8,14,0,0,55,69
2219,phil foden,6,16,0,0,61,135
2220,tommy doyle,0,0,0,0,44,0
2221,rodrigo hernandez,13,27,0,0,53,91
2222,ferran torres,7,13,0,0,70,95
2223,eric garcia,0,12,0,0,47,6
2224,sergio romero,0,0,0,0,49,0
2225,juan mata,1,6,0,0,58,32
2226,david de gea,9,32,0,59,53,91
2227,chris smalling,0,0,0,0,49,0
2228,odion ighalo,0,1,0,0,61,1
2229,marcos rojo,0,0,0,0,48,0
2230,nemanja matic,4,18,0,0,47,36
2231,paul pogba,5,26,0,0,76,92
2232,phil jones,0,0,0,0,48,0
2233,harry maguire,13,36,0,0,55,124
2234,frederico rodrigues de paula santos,12,25,0,0,53,69
2235,luke shaw,10,33,1,0,55,124
2236,jesse lingard,4,19,0,0,66,106
2237,bruno miguel borges fernandes,13,36,0,0,113,244
2238,anthony martial,4,23,0,0,86,75
2239,andreas pereira,0,0,0,0,48,0
2240,dean henderson,4,12,0,40,52,44
2241,marcus rashford,12,39,0,0,96,174
2242,axel tuanzebe,0,8,1,0,41,7
2243,victor lindelof,10,30,0,0,48,102
2244,scott mctominay,9,25,0,0,49,91
2245,eric bailly,3,17,0,0,48,31
2246,daniel james,4,7,0,0,62,43
2247,timothy fosu-mensah,0,2,0,0,43,0
2248,aaron wan-bissaka,13,36,0,0,58,144
2249,jose diogo dalot teixeira,0,0,0,0,48,0
2250,mason greenwood,7,23,0,0,73,106
2251,tahith chong,0,0,0,0,44,0
2252,james garner,0,0,0,0,44,0
2253,brandon williams,0,3,0,0,42,5
2254,teden mengi,0,0,0,0,39,0
2255,andy carroll,1,8,0,0,51,30
2256,jonjo shelvey,6,46,0,0,53,74
2257,matt ritchie,3,22,1,0,49,52
2258,federico fernandez,5,38,1,0,47,53
2259,ciaran clark,3,35,1,0,45,46
2260,karl darlow,4,43,0,88,49,80
2261,martin dubravka,3,19,0,45,48,47
2262,florian lejeune,0,0,0,0,43,0
2263,jamaal lascelles,2,32,0,0,42,44
2264,dwight gayle,0,9,0,0,59,31
2265,christian atsu,0,0,0,0,52,0
2266,paul dummett,3,20,0,0,44,40
2267,javier manquillo,3,15,0,0,42,28
2268,emil krafth,5,27,0,0,42,45
2269,fabian schar,2,21,0,0,48,30
2270,deandre yedlin,1,6,0,0,43,13
2271,isaac hayden,4,33,0,0,46,40
2272,rolando aarons,0,0,0,0,48,0
2273,allan saint-maximin,7,26,0,0,52,85
2274,miguel almiron,5,48,0,0,56,97
2275,joelinton cassio apolinario de lira,3,36,0,0,57,74
2276,yoshinori muto,0,0,0,0,48,0
2277,kelland watts,0,0,0,0,39,0
2278,billy sharp,0,15,0,0,55,39
2279,david mcgoldrick,9,37,0,0,52,100
2280,chris basham,2,51,0,0,46,51
2281,john fleck,5,47,0,0,56,70
2282,enda stevens,4,54,0,0,50,56
2283,simon moore,0,0,0,0,43,0
2284,oliver norwood,5,43,0,0,45,54
2285,wes foderingham,0,0,0,0,43,0
2286,george baldock,4,51,0,0,49,63
2287,jack robinson,2,11,0,0,42,32
2288,john egan,4,48,0,0,47,57
2289,jack o’connell,0,3,0,0,47,3
2290,john lundstram,3,41,0,0,48,48
2291,ben osborn,4,29,0,0,47,51
2292,oliver mcburnie,0,27,0,0,56,44
2293,callum robinson,3,42,0,0,52,79
2294,lys mousset,0,10,0,0,58,13
2295,sander berge,0,23,0,0,49,31
2296,shane long,1,6,0,0,51,12
2297,ryan bertrand,8,51,0,0,50,78
2298,alex mccarthy,7,57,0,93,44,94
2299,oriol romeu vidal,6,25,0,0,45,52
2300,nathan redmond,1,39,0,0,64,67
2301,danny ings,6,40,0,0,84,131
2302,jack stephens,4,39,0,0,46,41
2303,stuart armstrong,8,56,0,0,55,115
2304,jannik vestergaard,6,47,0,0,47,86
2305,james ward-prowse,9,68,0,0,59,156
2306,angus gunn,0,0,0,0,43,0
2307,sofiane boufal,0,0,0,0,54,0
2308,harrison reed,9,35,0,0,44,69
2309,josh sims,0,0,0,0,43,0
2310,kyle walker-peters,9,41,0,0,47,93
2311,jan bednarek,9,62,1,0,47,94
2312,che adams,7,51,0,0,57,137
2313,yan valery,0,4,0,0,47,3
2314,william smallbone,0,5,0,0,43,5
2315,jake vokins,0,2,0,0,39,1
2316,michael obafemi,0,2,0,0,46,4
2317,moussa djenepo,3,27,0,0,54,46
2318,hugo lloris,12,45,0,114,56,149
2319,danny rose,0,0,0,0,47,0
2320,moussa sissoko,5,22,0,0,47,44
2321,toby alderweireld,10,25,1,0,54,88
2322,erik lamela,1,17,0,0,57,28
2323,harry kane,12,39,0,0,119,242
2324,serge aurier,6,22,0,0,52,80
2325,heung-min son,13,36,0,0,96,228
2326,eric dier,8,34,0,0,46,77
2327,lucas rodrigues moura da silva,4,18,0,0,64,80
2328,paulo gazzaniga,0,0,0,0,43,0
2329,bamidele alli,3,9,0,0,74,30
2330,ben davies,4,16,0,0,45,52
2331,pierre-emile højbjerg,12,45,0,0,49,107
2332,harry winks,1,16,0,0,51,19
2333,davinson sanchez,4,22,1,0,52,43
2334,ryan sessegnon,0,0,0,0,47,0
2335,steven bergwijn,5,15,0,0,70,55
2336,gedson carvalho fernandes,0,0,0,0,47,0
2337,japhet tanganga,2,8,0,0,49,14
2338,giovani lo celso,5,10,0,0,69,35
2339,oliver skipp,0,0,0,0,44,0
2340,tanguy ndombele,12,24,0,0,59,99
2341,juan foyth,0,0,0,0,43,0
2342,kieran gibbs,0,25,0,0,43,5
2343,hal robson-kanu,0,12,0,0,52,30
2344,jake livermore,1,35,1,0,47,25
2345,kamil grosicki,0,5,0,0,52,8
2346,matt phillips,3,42,0,0,51,69
2347,kyle bartley,5,53,0,0,44,79
2348,romaine sawyers,1,42,1,0,46,33
2349,ahmed el-sayed hegazy,1,0,0,0,41,6
2350,charlie austin,0,5,0,0,51,5
2351,kenneth zohore,0,0,0,0,48,0
2352,sam johnstone,6,74,0,166,46,140
2353,conor townsend,6,36,0,0,44,76
2354,oluwasemilogo adesewo ibidapo ajayi,1,71,0,0,48,51
2355,jonathan leko,0,0,0,0,45,0
2356,kyle edwards,0,3,0,0,46,5
2357,darnell furlong,6,63,1,0,45,79
2358,sam field,0,2,0,0,48,3
2359,oliver burke,1,21,0,0,41,46
2360,dara o’shea,3,51,0,0,42,41
2361,rekeem harper,0,2,0,0,43,2
2362,mark noble,0,15,0,0,45,27
2363,robert snodgrass,0,14,0,0,56,14
2364,david martin,0,0,0,0,39,0
2365,darren randolph,1,3,0,6,43,10
2366,lukasz fabianski,10,44,0,102,50,133
2367,angelo ogbonna,9,34,0,0,47,100
2368,roberto jimenez gago,0,0,0,0,45,0
2369,jack wilshere,0,0,0,0,49,0
2370,aaron cresswell,11,41,0,0,57,153
2371,andriy yarmolenko,1,7,0,0,55,17
2372,michail antonio,6,25,0,0,67,118
2373,ryan fredericks,1,9,0,0,42,28
2374,manuel lanzini,1,5,0,0,64,28
2375,felipe anderson pereira gomes,0,0,0,0,61,2
2376,sebastien haller,3,12,0,0,61,41
2377,arthur masuaku,4,15,0,0,43,42
2378,fabian balbuena,4,19,0,0,41,39
2379,jordan hugill,0,0,0,0,55,0
2380,jarrod bowen,9,33,0,0,58,141
2381,grady diangana,1,33,0,0,50,39
2382,albian ajeti,0,0,0,0,55,0
2383,declan rice,11,37,0,0,47,86
2384,tomas soucek,11,47,1,0,52,147
2385,pablo fornals,9,33,0,0,58,125
2386,issa diop,2,22,1,0,43,42
2387,ben johnson,1,10,0,0,39,25
2388,john ruddy,0,1,0,3,43,4
2389,joao filipe iria santos moutinho,6,40,0,0,51,73
2390,rui pedro dos santos patricio,10,51,0,100,53,132
2391,ryan bennett,0,0,0,0,44,0
2392,matt doherty,4,15,0,0,56,47
2393,willy boly,6,29,0,0,54,68
2394,conor coady,10,51,0,0,49,106
2395,raul jimenez,4,10,1,0,81,43
2396,romain saiss,8,40,0,0,49,99
2397,jonathan castro otto,1,4,0,0,54,16
2398,leo bonatini,0,0,0,0,48,0
2399,leander dendoncker,11,33,1,0,46,77
2400,adama traore,7,41,0,0,60,94
2401,ruben diogo da silva neves,8,42,0,0,51,104
2402,oskar buur,0,0,0,0,39,1
2403,diogo jota,4,15,0,0,69,86
2404,daniel castelo podence,8,24,0,0,53,75
2405,max kilman,5,11,0,0,38,58
2406,ruben goncalo silva nascimento vinagre,0,7,0,0,41,1
2407,matija sarkic,0,0,0,0,44,0
2408,morgan gibbs-white,0,6,0,0,49,22
2409,pedro lomba neto,9,38,0,0,55,124
2410,bruno andre cavaco jordao,0,0,0,0,43,0
2411,leonardo campana,0,0,0,0,47,0
2412,luke freeman,0,0,0,0,50,0
2413,willian borges da silva,3,17,0,0,75,78
2414,mohammed salisu,0,19,0,0,43,14
2415,sean longstaff,2,26,0,0,46,41
2416,matheus pereira,6,58,0,0,54,153
2417,joe hart,0,0,0,0,42,0
2418,aaron ramsdale,5,63,0,146,46,123
2419,antonee robinson,5,28,0,0,44,57
2420,jeff hendrick,3,24,0,0,45,52
2421,scott dann,2,24,0,0,42,39
2422,matthew longstaff,1,8,0,0,48,10
2423,mark gillespie,0,0,0,0,43,0
2424,eberechi eze,6,51,0,0,58,125
2425,thiago thiago,10,25,0,0,56,92
2426,robin koch,4,21,0,0,43,38
2427,rodrigo moreno,3,21,0,0,57,89
2428,mario lemina,3,27,0,0,45,55
2429,gabriel magalhaes,6,24,0,0,49,78
2430,donny van de beek,0,12,0,0,66,32
2431,matthew cash,11,35,0,0,50,89
2432,jacob murphy,3,33,0,0,49,69
2433,timothy castagne,6,37,0,0,58,94
2434,cedric kipre,0,0,0,0,43,0
2435,kai havertz,8,15,0,0,83,91
2436,daniel ceballos fernandez,6,17,0,0,47,62
2437,allan marques loureiro,7,30,0,0,52,47
2438,christian walton,0,0,0,0,40,0
2439,fabio silva,0,29,0,0,52,72
2440,fernando marcal,1,9,0,0,47,19
2441,callum wilson,5,37,0,0,65,134
2442,ryan fraser,4,18,0,0,56,39
2443,james rodriguez,5,27,0,0,77,101
2444,ethan ampadu,2,41,1,0,43,44
2445,jayden bogle,2,20,0,0,43,39
2446,max lowe,0,10,0,0,42,9
2447,abdoulaye doucoure,9,36,0,0,51,80
2448,jamal lewis,3,37,0,0,40,44
2449,ollie watkins,14,46,0,0,63,168
2450,vitor ferreira,0,8,0,0,47,26
2451,alphonse areola,9,48,0,116,45,124
2452,kenny tete,5,27,0,0,43,50
2453,nampalys mendy,4,25,0,0,42,41
2454,jimmy dunne,0,6,0,0,38,9
2455,bobby thomas,0,0,0,0,39,0
2456,cameron carter-vickers,0,0,0,0,39,0
2457,sam woods,0,0,0,0,40,0
2458,fraser forster,2,11,0,20,40,30
2459,nathan tella,2,11,0,0,43,36
2460,denis odoi,0,10,0,0,42,1
2461,mohamed naser el sayed elneny,5,20,0,0,42,50
2462,matt macey,0,0,0,0,40,0
2463,jason steele,0,0,0,0,39,0
2464,phil jagielka,0,12,1,0,39,5
2465,branislav ivanovic,2,19,0,0,44,20
2466,thiago alcantara do nascimento,8,18,0,0,55,55
2467,elia caprile,0,0,0,0,40,0
2468,mateusz bogusz,0,0,0,0,43,0
2469,ryan inniss,0,0,0,0,40,0
2470,josh benson,1,7,0,0,44,10
2471,anthony driscoll-glennon,0,0,0,0,39,0
2472,adrian bernabe,0,0,0,0,45,0
2473,zack steffen,0,1,0,1,44,2
2474,liam delap,0,4,0,0,42,1
2475,bertrand traore,11,31,0,0,58,135
2476,cengiz under,0,5,0,0,57,16
2477,sergio reguilon,8,31,1,0,55,89
2478,gareth bale,5,12,0,0,92,113
2479,conor gallagher,5,48,0,0,55,71
2480,ki-jana hoever,0,11,0,0,44,13
2481,nelson cabral semedo,9,45,1,0,51,109
2482,runar alex runarsson,0,0,0,2,44,1
2483,edouard mendy,16,25,0,57,53,140
2484,diego llorente,4,12,0,0,44,50
2485,jayson molumby,0,0,0,0,45,1
2486,mace goodridge,0,0,0,0,45,0
2487,cole palmer,0,0,0,0,44,0
2488,meritan shabani,0,0,0,0,44,0
2489,jacob ramsey,2,10,0,0,45,28
2490,filip krovinovic,1,11,0,0,49,17
2491,ruben santos gato alves dias,17,21,1,0,59,142
2492,ademola lookman,10,33,0,0,47,107
2493,vladimir coufal,9,43,0,0,48,128
2494,niels nkounkou,0,1,0,0,40,2
2495,caoimhin kelleher,1,1,0,6,45,10
2496,wesley fofana,7,30,0,0,50,71
2497,ola aina,8,36,0,0,43,102
2498,rayan ait nouri,3,23,0,0,50,54
2499,carlos vinicius alves morais,1,2,0,0,69,13
2500,ibrahima diallo,3,22,0,0,45,31
2501,ben godfrey,11,35,1,0,51,100
2502,thomas partey,6,18,0,0,49,47
2503,alex nicolao telles,1,11,0,0,53,25
2504,edinson cavani,4,18,0,0,80,99
2505,raphael dias belloli,9,34,0,0,56,133
2506,joachim andersen,9,36,0,0,45,93
2507,tosin adarabioyo,9,41,1,0,45,100
2508,robin olsen,2,9,0,21,45,25
2509,andi zeqiri,0,2,0,0,50,9
2510,facundo pellistri,0,0,0,0,52,0
2511,craig dawson,7,25,2,0,45,75
2512,nathaniel clyne,2,22,0,0,45,28
2513,stephen henderson,0,0,0,0,40,0
2514,islam slimani,0,1,0,0,49,1
2515,michael verrips,0,0,0,0,40,0
2516,owen otasowie,0,6,0,0,45,9
2517,karlan grant,3,26,0,0,56,41
2518,will norris,0,4,0,2,40,3
2519,joe rodon,2,12,0,0,49,27
2520,terence kongolo,0,1,0,0,43,2
2521,jack butland,0,2,0,3,45,2
2522,said benrahma,3,19,0,0,59,73
2523,danny welbeck,6,18,0,0,55,89
2524,nathaniel phillips,7,11,0,0,42,68
2525,daniel n’lundulu,0,1,0,0,45,13
2526,max thompson,0,0,0,0,45,0
2527,lewis richardson,0,0,0,0,45,2
2528,karlo ziger,0,0,0,0,40,0
2529,rhys williams,3,6,0,0,40,28
2530,james trafford,0,0,0,0,40,0
2531,ellis simms,0,0,0,0,45,0
2532,robert sanchez,10,27,0,66,45,101
2533,kayne ramsay,0,9,0,0,40,-3
2534,jack jenkins,0,0,0,0,45,0
2535,lee peltier,0,8,0,0,39,2
2536,leighton clarkson,0,0,0,0,45,0
2537,elliot anderson,0,0,0,0,45,1
2538,kean bryan,2,17,1,0,39,29
2539,lee grant,0,0,0,0,40,0
2540,faustino anjorin,0,0,0,0,45,0
2541,daniel langley,0,0,0,0,39,0
2542,jake cain,0,0,0,0,45,0
2543,scott carson,0,3,0,2,39,7
2544,felix nmecha,0,0,0,0,45,0
2545,theo corbeanu,0,0,0,0,44,1
2546,taylor perry,0,0,0,0,44,0
2547,anthony mancini,0,0,0,0,44,0
2548,joel mumbongo,0,1,0,0,45,3
2549,luke cundle,0,0,0,0,45,0
2550,lewis richards,0,0,0,0,40,0
2551,christian marques,0,0,0,0,39,0
2552,andreas sondergaard,0,0,0,0,40,0
2553,antwoine hackford,0,0,0,0,44,1
2554,niall huggins,0,0,0,0,45,1
2555,charlie cresswell,0,0,0,0,40,0
2556,cheikh diaby,0,0,0,0,45,0
2557,luke mbete,0,0,0,0,40,0
2558,taylor harwood-bellis,0,0,0,0,40,0
2559,kgaogelo chauke,0,0,0,0,44,0
2560,harry lewis,0,0,0,0,40,0
2561,patrick cutrone,0,0,0,0,59,2
2562,percy tau,0,2,0,0,49,7
2563,jakub moder,2,10,0,0,50,21
2564,nigel lonwijk,0,0,0,0,39,0
2565,reda khadra,0,0,0,0,45,1
2566,teddy jenks,0,0,0,0,45,0
2567,max sanders,0,0,0,0,45,0
2568,jensen weir,0,0,0,0,45,0
2569,will ferry,0,0,0,0,45,0
2570,allan tchaptchet,0,3,0,0,40,0
2571,caleb watts,0,0,0,0,45,2
2572,frederik alves,0,0,0,0,40,0
2573,ademipo odubeko,0,0,0,0,45,0
2574,andy lonergan,0,0,0,0,40,0
2575,amad diallo,0,3,0,0,54,8
2576,jean-philippe mateta,0,4,0,0,53,15
2577,willian jose da silva,5,13,0,0,68,40
2578,alexandre jankewitz,0,9,0,0,45,-1
2579,tyler onyango,0,0,0,0,45,0
2580,martin ødegaard,3,12,0,0,56,40
2581,kyron gordon,0,0,0,0,40,0
2582,morgan sanson,1,4,0,0,55,10
2583,mbaye diagne,4,17,0,0,60,57
2584,hugo bueno,0,0,0,0,40,0
2585,alfie devine,0,0,0,0,44,0
2586,joshua king,0,2,0,0,50,11
2587,ozan kabak,3,9,0,0,50,26
2588,ben davies,0,0,0,0,47,0
2589,okay yokuslu,4,20,0,0,45,34
2590,ryan finnigan,0,0,0,0,45,0
2591,iliman ndiaye,0,1,0,0,45,1
2592,zak brunt,0,0,0,0,45,0
2593,richard nartey,0,0,0,0,40,0
2594,claudio gomes,0,0,0,0,45,0
2595,vontae daley-campbell,0,0,0,0,40,0
2596,thakgalo leshabela,0,0,0,0,44,1
2597,thomas mcgill,0,0,0,0,39,0
2598,michal karbownik,0,0,0,0,45,0
2599,moises caicedo,0,0,0,0,50,0
2600,josh maja,5,9,0,0,50,40
2601,dane scarlett,0,0,0,0,45,1
2602,joe gelhardt,0,0,0,0,45,0
2603,conor coventry,0,0,0,0,45,0
2604,jamal baptiste,0,0,0,0,40,0
2605,frankie maguire,0,0,0,0,44,0
2606,kaine hayden,0,0,0,0,45,0
2607,carney chukwuemeka,0,0,0,0,45,2
2608,shola shoretire,0,0,0,0,44,2
2609,nathan trott,0,0,0,0,40,0
2610,reece hannam,0,0,0,0,40,0
2611,sidnei tavares,0,1,0,0,44,3
2612,liam hughes,0,0,0,0,40,0
2613,jakub ojrzynski,0,0,0,0,40,0
2614,kyle john,0,0,0,0,40,0
2615,nathan broadhead,0,0,0,0,45,1
2616,ryan astley,0,0,0,0,40,0
2617,harry tyrer,0,0,0,0,40,0
2618,jaden philogene-bidace,0,0,0,0,44,1
2619,shane flynn,0,0,0,0,45,0
2620,gaetano berardi,1,0,0,0,40,8
2621,nathan bishop,0,0,0,0,40,0
2622,thanawat suengchitthawon,0,0,0,0,45,0
2623,jesurun rak-sakyi,0,0,0,0,45,0
2624,miguel azeez,0,0,0,0,45,0
2625,reece welch,0,0,0,0,40,0
2626,isaac price,0,0,0,0,45,0
2627,sam greenwood,0,0,0,0,45,0
2628,crysencio summerville,0,0,0,0,44,0
2629,cody drameh,0,0,0,0,40,0
2630,fabio carvalho,0,6,0,0,45,12
2631,ben woodburn,0,0,0,0,45,0
2632,billy koumetio,0,0,0,0,40,0
2633,valentino livramento,0,0,0,0,40,0
2634,daniel jebbison,2,2,0,0,45,12
2635,caleb taylor,0,0,0,0,40,0
2636,taylor gardner-hickman,0,0,0,0,45,0
2637,anthony elanga,0,2,0,0,45,11
2638,tawanda maswanhise,0,0,0,0,45,0
2639,harry boyes,0,0,0,0,40,0
2640,femi seriki,0,0,0,0,45,1
2641,toby king,0,0,0,0,45,0
2642,sylvester jasper,0,0,0,0,45,0
2643,tyrese francois,0,1,0,0,45,1
2644,tim iroegbunam,0,0,0,0,45,0
2645,nile john,0,0,0,0,45,0
2646,william osula,0,0,0,0,45,0
2647,hannibal mejbri,0,0,0,0,45,1
