NAME,WEB_NAME,TEAM,RK,POSITION,COST,AGE,MATCHES_PLAYED,STARTS,MINUTES,GOALS,ASSISTS,PENALTIES,PENALTIES_MISSED,YELLOW_CARDS,RED_CARDS,xG,xA,OWN_GOALS,GOALS_CONCEDED,CLEAN_SHEETS,SAVES,POINTS
fabian schar,Schär,Newcastle,7,DF,55,31,36,35,3054,4,1,0,0,5,0,2.5,0.7,0,58,9,0,123
david datro fofana,D.D.Fofana,Chelsea,6,FW,55,20,15,10,879,4,1,0,0,1,0,4.5,1.8,0,18,1,0,50
james milner,Milner,Brighton,11,MF,50,37,15,11,773,0,2,0,0,3,0,0.3,1.8,0,12,4,0,28
ederson santana de moraes,Ederson M.,Man City,1,GK,55,29,33,33,2785,0,0,0,0,5,0,0.0,0.1,0,27,11,57,112
hannibal mejbri,Hannibal,Man Utd,8,MF,45,20,5,1,133,1,0,0,0,1,0,0.0,0.4,0,1,1,0,11
enso gonzalez,Gonzalez,Wolves,14,MF,45,18,1,0,1,0,0,0,0,0,0,0.0,0.0,0,0,0,0,1
tommy doyle,Doyle,Wolves,14,MF,50,21,26,11,1222,0,0,0,0,2,0,0.4,0.4,0,24,3,0,38
pape matar sarr,P.Sarr,Spurs,5,MF,50,20,34,27,2069,3,3,0,0,9,0,3.4,2.2,0,27,9,0,86
marc cucurella saseta,Cucurella,Chelsea,6,DF,50,25,21,20,1782,0,2,0,0,10,0,1.1,1.1,1,33,4,0,44
tom cairney,Cairney,Fulham,13,MF,50,32,34,14,1488,1,4,0,0,3,0,1.1,2.3,1,27,4,0,70
christian nørgaard,Nørgaard,Brentford,16,MF,50,29,31,30,2505,2,1,0,0,8,0,3.5,1.9,0,51,6,0,74
david brooks,Brooks,Bournemouth,12,MF,50,26,13,2,282,1,1,0,0,1,0,2.2,1.0,0,7,0,0,23
jack harrison,Harrison,Everton,15,MF,55,26,29,25,2214,3,3,0,0,1,0,3.6,3.4,0,26,11,0,92
marcos senesi,Senesi,Bournemouth,12,DF,50,26,31,26,2242,4,5,0,0,13,0,2.0,1.7,0,44,6,0,102
dane scarlett,Scarlett,Spurs,5,FW,45,19,4,0,22,0,0,0,0,0,0,0.0,0.0,0,0,0,0,4
ruben gato alves dias,Rúben,Man City,1,DF,55,26,30,28,2559,0,0,0,0,0,0,1.4,0.3,1,28,9,0,88
carlos baleba,Baleba,Brighton,11,MF,50,19,27,15,1325,0,0,0,0,7,0,0.8,0.3,0,28,2,0,34
jacob ramsey,Ramsey,Aston Villa,4,MF,55,22,16,8,853,1,1,0,0,2,0,2.2,1.0,0,12,0,0,29
harry toffolo,Toffolo,Nott'm Forest,17,DF,45,27,23,15,1459,1,3,0,0,3,0,1.6,1.5,0,29,2,0,52
marc guehi,Guéhi,Crystal Palace,10,DF,45,23,25,23,2021,0,1,0,0,2,0,0.6,0.6,0,32,6,0,66
victor lindelof,Lindelof,Man Utd,8,DF,45,29,19,14,1328,1,1,0,0,2,0,0.8,0.3,0,16,5,0,62
tim ream,Ream,Fulham,13,DF,45,35,18,17,1503,1,0,0,0,4,1,1.0,0.0,0,31,3,0,40
tomas soucek,Souček,West Ham,9,MF,50,28,37,34,2870,7,2,0,0,7,0,6.7,1.7,0,64,5,0,116
jadon sancho,Sancho,Man Utd,8,MF,65,23,3,0,79,0,0,0,0,0,0,0.0,0.1,0,1,0,0,3
jean-ricner bellegarde,Bellegarde,Wolves,14,MF,50,25,22,10,958,2,1,0,0,0,1,1.6,1.0,0,24,0,0,45
daniel munoz,Muñoz,Crystal Palace,10,DF,50,27,16,16,1439,0,4,0,0,4,0,1.2,2.4,0,22,5,0,56
son heung-min,Son,Spurs,5,MF,100,31,35,34,2934,17,10,2,0,1,0,12.0,11.8,1,51,8,0,213
josko gvardiol,Gvardiol,Man City,1,DF,60,21,28,26,2328,4,1,0,0,3,0,3.1,1.4,0,23,9,0,123
billy gilmour,Gilmour,Brighton,11,MF,50,22,30,24,2120,0,1,0,0,8,1,1.0,2.0,0,37,6,0,61
tyrone mings,Mings,Aston Villa,4,DF,45,30,1,1,30,0,0,0,0,0,0,0.0,0.0,0,2,0,0,0
bernd leno,Leno,Fulham,13,GK,50,31,38,38,3420,0,0,0,0,3,0,0.0,0.0,1,61,10,134,133
fabio silva,Fábio Silva,Wolves,14,FW,50,21,8,3,264,0,0,0,0,2,0,1.0,0.2,0,8,1,0,8
lesley ugochukwu,Ugochukwu,Chelsea,6,MF,45,19,12,3,301,0,0,0,0,2,0,0.0,0.1,0,6,1,0,13
anthony gordon,Gordon,Newcastle,7,MF,75,22,35,34,2890,11,10,1,0,12,1,10.2,8.0,0,48,12,0,183
sean longstaff,Longstaff,Newcastle,7,MF,50,25,35,30,2747,6,2,0,0,7,0,6.6,2.3,0,50,10,0,110
giovani lo celso,Lo Celso,Spurs,5,MF,50,27,22,4,506,2,2,0,0,2,0,0.6,1.9,0,12,1,0,47
sandro tonali,Tonali,Newcastle,7,MF,55,23,8,5,438,1,0,0,0,2,0,0.7,0.6,0,5,1,0,16
erling haaland,Haaland,Man City,1,FW,150,23,31,29,2552,27,5,7,1,1,0,29.2,4.3,0,25,11,0,217
noni madueke,Madueke,Chelsea,6,MF,65,21,23,13,1053,5,2,1,0,2,0,2.5,2.6,0,19,4,0,76
tosin adarabioyo,Tosin,Chelsea,6,DF,45,25,20,18,1617,2,0,0,0,2,0,0.7,0.1,0,25,6,0,66
craig dawson,Dawson,Wolves,14,DF,45,33,25,25,2209,1,1,0,0,7,0,1.5,1.4,0,38,6,0,69
nathan fraser,Fraser,Wolves,14,FW,45,18,7,1,186,0,0,0,0,1,0,0.3,0.1,0,3,1,0,7
ethan pinnock,Pinnock,Brentford,16,DF,45,30,29,28,2521,2,0,0,0,1,0,2.0,1.0,0,46,5,0,77
ibrahima konate,Konaté,Liverpool,3,DF,50,24,22,17,1574,0,0,0,0,5,1,0.7,0.4,0,19,6,0,56
danny ings,Ings,West Ham,9,FW,50,31,20,3,404,1,0,0,0,1,0,1.3,0.3,0,10,0,0,36
andrew robertson,Robertson,Liverpool,3,DF,60,29,23,18,1693,3,2,0,0,2,0,1.9,5.4,0,22,3,0,76
robin olsen,Olsen,Aston Villa,4,GK,45,33,5,4,405,0,0,0,0,0,0,0.0,0.0,0,13,0,21,17
solly march,March,Brighton,11,MF,65,29,7,7,554,3,1,0,0,1,0,2.0,1.0,0,11,2,0,39
antony matheus dos santos,Antony,Man Utd,8,MF,60,23,29,15,1324,1,1,0,0,5,0,3.4,2.8,0,26,3,0,47
jordan pickford,Pickford,Everton,15,GK,50,29,38,38,3420,0,0,0,0,5,0,0.0,0.1,1,51,13,121,153
jaden philogene,Jaden,Aston Villa,4,MF,55,21,1,0,4,0,0,0,0,0,0,0.0,0.0,0,1,0,0,1
danilo dos santos de oliveira,Danilo,Nott'm Forest,17,MF,50,22,29,20,1792,2,2,0,0,4,0,1.8,1.5,0,42,1,0,65
matt doherty,Doherty,Wolves,14,DF,45,31,30,9,1150,1,0,0,0,2,0,0.8,1.3,0,21,1,0,41
calvin bassey,Bassey,Fulham,13,DF,45,23,29,25,2303,1,0,0,0,6,1,0.3,0.0,0,42,6,0,66
james mcatee,McAtee,Man City,1,MF,50,20,1,0,1,0,0,0,0,0,0,0.0,0.0,0,65,2,0,77
alexander isak,Isak,Newcastle,7,FW,85,23,30,27,2255,21,2,5,1,1,0,20.3,3.7,0,41,7,0,172
cole palmer,Palmer,Chelsea,6,MF,105,21,1,0,11,0,0,0,0,0,0,0.0,0.0,0,46,7,0,244
james maddison,Maddison,Spurs,5,MF,75,26,28,26,2135,4,9,0,0,5,0,6.4,5.9,0,31,7,0,117
kyle walker-peters,Walker-Peters,Southampton,20,DF,45,33,32,30,2767,0,4,0,0,2,0,0.4,2.6,0,29,10,0,123
jhon duran,Duran,Aston Villa,4,FW,60,19,23,3,475,5,0,0,0,5,0,2.0,0.3,0,12,0,0,50
kyle walker,Walker,Man City,1,DF,55,33,32,30,2767,0,4,0,0,2,0,0.4,2.6,0,29,10,0,123
omari kellyman,Kellyman,Chelsea,6,MF,45,17,2,0,37,0,0,0,0,0,0,0.1,0.0,0,1,0,0,2
alisson ramses becker,A.Becker,Liverpool,3,GK,55,30,28,28,2520,0,0,0,0,1,0,0.0,0.0,0,30,8,83,107
william osula,Osula,Newcastle,7,FW,50,19,21,9,786,0,0,0,0,4,0,1.6,0.1,0,23,0,0,25
kalvin phillips,Phillips,Man City,1,MF,50,27,4,0,93,0,0,0,0,0,0,0.1,0.0,0,13,0,0,10
dominic solanke-mitchell,Solanke,Spurs,5,FW,75,25,38,37,3325,19,3,2,1,3,0,19.6,3.0,0,61,10,0,175
aaron cresswell,Cresswell,West Ham,9,DF,40,33,11,4,436,0,0,0,0,1,0,0.0,0.4,0,11,0,0,10
chris richards,C.Richards,Crystal Palace,10,DF,45,23,26,23,2094,1,1,0,0,3,0,0.6,0.4,0,38,4,0,62
virgil van dijk,Virgil,Liverpool,3,DF,60,32,36,36,3177,2,2,0,0,3,1,2.8,1.6,0,40,9,0,117
igor thiago nascimento rodrigues,Thiago,Brentford,16,FW,60,25,24,17,1637,0,0,0,0,4,0,0.3,0.7,0,0,0,0,0
igor julio dos santos de paulo,Igor,Brighton,11,DF,45,25,24,17,1637,0,0,0,0,4,0,0.3,0.7,0,26,2,0,37
ivan toney,Toney,Brentford,16,FW,75,27,17,16,1450,4,2,0,0,5,0,6.0,1.5,0,30,3,0,57
cody gakpo,Gakpo,Liverpool,3,FW,75,24,35,17,1649,8,5,0,0,1,0,9.0,2.9,0,20,5,0,106
jason steele,Steele,Brighton,11,GK,45,32,17,17,1530,0,0,0,0,0,0,0.0,0.0,0,34,2,43,42
aaron ramsdale,Ramsdale,Arsenal,2,GK,45,25,6,6,540,0,0,0,0,0,0,0.0,0.0,0,5,2,9,20
keane lewis-potter,Lewis-Potter,Brentford,16,MF,50,22,30,15,1441,3,1,0,0,0,0,6.3,1.7,0,29,6,0,73
declan rice,Rice,Arsenal,2,MF,65,24,38,37,3225,7,8,0,0,5,0,3.3,5.3,0,28,17,0,165
lewis dunk,Dunk,Brighton,11,DF,45,31,33,33,2869,3,1,0,0,7,1,3.1,0.9,0,53,5,0,89
carney chukwuemeka,Chukwuemeka,Chelsea,6,MF,50,19,9,2,227,1,1,0,0,2,0,0.2,0.3,0,5,0,0,16
jordan ayew,J.Ayew,Crystal Palace,10,MF,55,31,35,30,2543,4,7,0,0,9,1,3.9,4.2,0,39,11,0,109
aaron wan-bissaka,Wan-Bissaka,West Ham,9,DF,45,25,22,20,1780,0,2,0,0,4,0,0.1,1.5,0,34,3,0,47
jarrod bowen,Bowen,West Ham,9,MF,75,26,34,34,3019,16,6,0,0,2,0,11.6,5.5,0,63,5,0,182
mario lemina,Mario Jr.,Wolves,14,MF,50,29,35,34,2968,4,1,0,0,12,1,4.6,1.5,0,55,4,0,95
jefferson lerma solis,Lerma,Crystal Palace,10,MF,50,28,28,27,2400,1,1,0,0,8,0,2.7,2.2,0,46,5,0,64
cheick doucoure,C.Doucouré,Crystal Palace,10,MF,50,23,11,11,919,0,0,0,0,2,0,0.3,0.7,0,12,3,0,21
dan burn,Burn,Newcastle,7,DF,45,31,33,32,2726,2,2,0,0,4,0,3.1,1.1,0,45,8,0,97
adam smith,Smith,Bournemouth,12,DF,45,32,28,25,2150,0,2,0,0,6,0,0.1,1.3,0,33,8,0,80
manor solomon,Solomon,Spurs,5,MF,55,24,5,2,199,0,2,0,0,1,0,0.4,0.8,0,2,0,0,14
justin kluivert,Kluivert,Bournemouth,12,MF,55,24,32,26,1916,7,1,0,0,5,0,6.2,1.9,0,23,11,0,100
marcus tavernier,Tavernier,Bournemouth,12,MF,55,24,30,25,2118,3,4,0,0,3,0,3.9,5.2,0,38,8,0,89
youri tielemans,Tielemans,Aston Villa,4,MF,55,26,32,17,1622,2,6,0,0,3,0,1.3,2.6,0,27,4,0,77
dominic calvert-lewin,Calvert-Lewin,Everton,15,FW,60,26,32,26,2171,7,2,2,0,2,0,12.9,3.1,0,27,13,0,101
tariq lamptey,Lamptey,Brighton,11,DF,45,22,19,10,914,0,3,0,0,3,0,0.4,1.2,0,20,1,0,31
nathan collins,Collins,Brentford,16,DF,45,22,32,29,2652,1,1,0,0,3,0,1.7,2.2,0,51,7,0,84
richarlison de andrade,Richarlison,Spurs,5,FW,70,26,28,18,1491,11,4,0,0,3,0,9.6,2.1,0,18,7,0,122
kieran trippier,Trippier,Newcastle,7,DF,60,32,28,26,2236,1,10,0,0,5,0,0.7,7.5,0,43,6,0,111
matheus franca de oliveira,M.França,Crystal Palace,10,MF,45,19,10,1,232,0,1,0,0,1,0,0.4,0.9,0,7,0,0,16
nicolas jackson,N.Jackson,Chelsea,6,FW,75,22,35,31,2799,14,5,0,0,10,0,18.6,4.3,0,48,9,0,142
hugo bueno lopez,H.Bueno,Wolves,14,DF,45,20,22,7,741,0,0,0,0,1,0,0.3,0.8,1,16,2,0,29
mason mount,Mount,Man Utd,8,MF,65,24,14,5,516,1,0,0,0,2,0,0.4,0.3,0,13,1,0,23
manuel akanji,Akanji,Man City,1,DF,55,28,30,28,2511,2,0,0,0,4,1,1.9,0.5,0,23,11,0,112
rayan ait-nouri,Aït-Nouri,Wolves,14,DF,45,22,33,29,2329,2,1,0,0,7,0,3.3,2.4,0,43,3,0,77
alphonse areola,Areola,West Ham,9,GK,45,30,31,31,2699,0,0,0,0,1,0,0.0,0.0,1,53,4,138,116
dean henderson,Henderson,Crystal Palace,10,GK,45,26,18,18,1620,0,0,0,0,2,0,0.0,0.0,2,30,4,58,48
matt targett,Targett,Newcastle,7,DF,40,27,3,1,78,0,0,0,0,1,0,0.0,0.0,0,4,0,0,2
reece james,James,Chelsea,6,DF,50,23,10,5,419,0,2,0,0,2,2,0.3,1.7,0,13,0,0,11
bruno guimaraes rodriguez moura,Bruno G.,Newcastle,7,MF,65,25,34,34,2931,7,8,0,0,8,0,4.1,3.9,0,0,0,0,0
lewis dobbin,Dobbin,Aston Villa,4,MF,50,20,12,1,232,1,0,0,0,1,0,0.3,0.5,0,3,1,0,18
rodrigo 'rodri' hernandez,Rodrigo,Man City,1,MF,65,27,34,34,2931,8,9,0,0,8,1,4.1,3.9,0,0,0,0,0
eddie nketiah,Nketiah,Arsenal,2,FW,60,24,27,10,1082,5,2,0,0,3,0,4.5,0.8,0,10,6,0,71
rodrigo martins gomes,R.Gomes,Wolves,14,MF,55,27,34,34,2931,8,9,0,0,8,1,4.1,3.9,0,0,0,0,0
bobby clark,Clark,Liverpool,3,MF,45,18,5,1,89,0,0,0,0,0,0,0.1,0.0,0,0,0,0,5
guido rodriguez,G.Rodríguez,West Ham,9,MF,50,27,34,34,2931,8,9,0,0,8,1,4.1,3.9,0,0,0,0,0
rodrigo muniz carvalho,Muniz,Fulham,13,FW,60,22,26,18,1593,8,1,0,0,1,0,4.1,2.0,0,0,0,0,0
rodrigo bentancur,Bentancur,Spurs,5,MF,50,26,23,13,1005,1,1,0,0,7,0,1.9,0.5,0,0,0,0,0
danny welbeck,Welbeck,Brighton,11,FW,55,32,29,21,1693,5,1,0,0,4,0,5.3,1.7,0,28,8,0,79
ben johnson,Johnson,Ipswich,20,DF,40,23,14,4,544,0,0,0,0,1,0,0.2,0.0,0,16,1,0,17
jorge luiz frello filho,Jorginho,Arsenal,2,MF,50,31,24,10,921,0,2,0,0,1,0,0.1,1.4,0,11,4,0,44
conor bradley,Bradley,Liverpool,3,DF,50,20,11,10,753,1,3,0,0,2,0,0.9,1.5,1,7,3,0,50
taiwo awoniyi,Awoniyi,Nott'm Forest,17,FW,60,25,20,12,1042,6,3,0,0,2,0,4.7,1.7,0,21,3,0,67
ollie watkins,Watkins,Aston Villa,4,FW,90,27,37,37,3217,19,13,0,0,4,0,16.8,7.3,0,56,7,0,228
bart verbruggen,Verbruggen,Brighton,11,GK,45,20,21,21,1890,0,0,0,0,3,0,0.0,0.0,0,28,4,65,68
diogo dalot teixeira,Dalot,Man Utd,8,DF,50,24,36,35,3174,2,3,0,0,6,1,1.7,2.9,0,55,8,0,111
jurrien timber,J.Timber,Arsenal,2,DF,55,22,2,1,71,0,0,0,0,2,0,0.0,0.0,0,0,0,0,0
ryan gravenberch,Gravenberch,Liverpool,3,MF,50,21,26,12,1121,1,0,0,0,0,0,2.0,0.9,0,17,3,0,45
diego carlos santos silva,Diego Carlos,Aston Villa,4,DF,45,30,27,20,1816,0,0,0,0,4,0,1.9,0.1,0,36,6,0,55
david ozoh,Ozoh,Crystal Palace,10,MF,45,18,9,0,156,0,0,0,0,1,0,0.0,0.0,0,5,0,0,8
lisandro martinez,Martinez,Man Utd,8,DF,45,25,11,8,646,0,1,0,0,3,0,0.0,0.1,1,12,1,0,15
luke harris,Harris,Fulham,13,MF,45,18,1,0,75,0,0,0,0,0,0,0.3,0.0,0,5,0,0,2
will hughes,Hughes,Crystal Palace,10,MF,50,28,30,23,1891,0,1,0,0,6,0,0.3,1.1,0,38,8,0,61
alfie gilchrist,Gilchrist,Chelsea,6,DF,40,19,11,2,207,1,0,0,0,1,0,0.3,0.0,0,6,1,0,20
diogo teixeira da silva,Diogo J.,Liverpool,3,MF,75,26,21,14,1145,10,3,0,0,3,1,5.3,3.3,0,11,5,0,110
andre onana,Onana,Man Utd,8,GK,50,27,38,38,3420,0,0,0,0,5,0,0.0,0.1,0,58,9,149,133
martin dubravka,Dúbravka,Newcastle,7,GK,45,34,23,22,1985,0,0,0,0,1,0,0.0,0.1,0,42,4,88,75
facundo buonanotte,Buonanotte,Leicester,20,MF,50,18,27,17,1364,3,1,0,0,7,0,2.4,1.8,0,19,6,0,57
bruno borges fernandes,B.Fernandes,Man Utd,8,MF,85,28,35,35,3118,10,8,4,1,9,0,10.0,11.8,0,52,7,0,166
joel ward,Ward,Crystal Palace,10,DF,45,33,26,23,1980,0,1,0,0,4,0,0.9,0.2,1,34,5,0,54
emerson leite de souza junior,E.Royal,Spurs,5,DF,45,24,22,11,1161,1,0,0,0,4,0,0.2,0.4,0,31,0,0,27
adama traore,Adama,Fulham,13,MF,50,20,8,1,377,0,0,0,0,0,0,0.3,0.5,0,13,0,0,36
nicolas dominguez,Dominguez,Nott'm Forest,17,MF,50,25,26,19,1495,2,2,0,0,4,0,1.3,1.0,0,27,6,0,67
william saliba,Saliba,Arsenal,2,DF,60,22,38,38,3420,2,1,0,0,4,0,1.6,0.2,0,29,18,0,164
jan paul van hecke,Van Hecke,Brighton,11,DF,45,23,28,26,2369,0,0,0,0,4,0,1.2,0.9,0,38,5,0,61
bryan gil salvatierra,Bryan,Spurs,5,MF,50,22,11,2,209,0,0,0,0,0,0,0.8,0.2,0,11,0,0,12
emerson palmieri dos santos,Emerson,West Ham,9,DF,45,24,22,11,1161,1,0,0,0,4,0,0.2,0.4,0,31,0,0,27
enzo fernandez,Enzo,Chelsea,6,MF,50,22,28,26,2209,3,2,1,1,7,0,6.2,3.4,0,47,5,0,77
antoine semenyo,Semenyo,Bournemouth,12,MF,55,23,33,25,2105,8,2,0,0,6,0,4.6,3.2,0,33,8,0,107
elliot anderson,Anderson,Nott'm Forest,17,MF,50,20,21,10,1027,0,2,0,0,3,0,1.5,1.9,0,14,5,0,42
pascal groß,Gross,Brighton,11,MF,65,32,36,34,3114,4,10,1,0,6,0,6.5,8.1,0,50,7,0,153
maxwel cornet,Cornet,West Ham,9,MF,50,26,7,1,112,1,0,0,0,0,0,0.4,0.2,0,3,0,0,13
mark travers,Travers,Bournemouth,12,GK,45,24,4,4,360,0,0,0,0,0,0,0.0,0.0,0,5,2,13,19
romain faivre,Faivre,Bournemouth,12,MF,50,25,5,0,41,0,0,0,0,1,0,0.2,0.0,0,1,0,0,4
levi colwill,Colwill,Chelsea,6,DF,45,20,23,20,1797,1,1,0,0,2,0,1.3,1.2,0,26,5,0,65
morgan gibbs-white,Gibbs-White,Nott'm Forest,17,MF,65,23,37,35,3156,5,10,1,0,9,0,6.9,8.4,0,59,5,0,142
lewis miley,Miley,Newcastle,7,MF,50,17,17,14,1202,1,3,0,0,1,0,1.2,1.7,0,29,1,0,44
james garner,Garner,Everton,15,MF,50,22,37,34,3004,1,2,0,0,7,0,2.7,4.6,0,47,11,0,87
mads roerslev rasmussen,Roerslev,Brentford,16,DF,45,24,34,22,1985,1,2,0,0,1,0,0.9,1.8,0,40,5,0,75
lucas digne,Digne,Aston Villa,4,DF,45,30,33,27,2410,1,3,0,0,7,0,1.1,4.1,0,41,6,0,85
abdoulaye doucoure,A.Doucoure,Everton,15,MF,55,30,32,32,2629,7,1,0,0,7,0,8.8,2.9,0,36,12,0,116
sasa lukic,Lukić,Fulham,13,MF,50,26,24,13,1122,1,0,0,0,3,0,1.6,0.8,0,20,5,0,43
sasa kalajdzic,Kalajdžić,Wolves,14,FW,50,26,11,1,166,2,0,0,0,0,0,1.1,1.0,0,2,1,0,24
darwin nunez ribeiro,Darwin,Liverpool,3,FW,75,24,36,22,2047,11,8,0,1,9,0,16.3,6.0,0,25,6,0,132
max aarons,Aarons,Bournemouth,12,DF,45,23,20,13,1237,0,1,0,0,1,0,0.0,0.8,0,35,2,0,28
vladimir coufal,Coufal,West Ham,9,DF,45,30,36,36,3132,0,7,0,0,7,1,0.3,4.0,0,70,4,0,85
joe gomez,Gomez,Liverpool,3,DF,50,26,32,17,1786,0,1,0,0,5,0,0.8,1.3,0,19,7,0,76
dango ouattara,O.Dango,Bournemouth,12,MF,50,21,30,12,1229,1,2,0,0,3,0,2.6,1.5,0,24,5,0,56
ethan nwaneri,Nwaneri,Arsenal,2,MF,45,16,1,0,14,0,0,0,0,0,0,0.0,0.0,0,0,0,0,1
curtis jones,Jones,Liverpool,3,MF,55,22,23,14,1167,1,1,0,0,3,1,2.6,0.7,0,19,2,0,40
bernardo veiga de carvalho e silva,Bernardo,Man City,1,MF,65,28,33,29,2578,6,9,0,0,8,0,3.7,7.6,0,26,10,0,141
kaine kesler-hayden,Kesler-Hayden,Aston Villa,4,DF,40,20,3,0,6,0,0,0,0,0,0,0.0,0.0,0,0,0,0,3
lewis hall,Hall,Newcastle,7,DF,45,18,18,8,781,1,0,0,0,2,0,0.3,0.3,0,12,2,0,38
raheem sterling,Sterling,Chelsea,6,MF,70,28,31,22,1978,8,4,0,0,7,0,6.5,4.5,0,38,5,0,123
leander dendoncker,Dendoncker,Aston Villa,4,MF,45,28,8,1,119,1,0,0,0,0,0,0.7,0.0,0,3,0,0,20
harvey barnes,Barnes,Newcastle,7,MF,65,25,21,7,802,5,3,0,0,2,0,3.6,3.2,0,10,2,0,64
eberechi eze,Eze,Crystal Palace,10,MF,70,25,27,24,2055,11,4,1,0,3,0,9.1,5.2,0,28,8,0,136
jarell quansah,Quansah,Liverpool,3,DF,45,20,17,13,1190,2,0,0,0,1,0,1.0,0.1,0,15,2,0,49
malo gusto,Gusto,Chelsea,6,DF,50,20,27,19,1751,0,6,0,0,7,1,0.9,4.3,0,28,5,0,74
jarrad branthwaite,Branthwaite,Everton,15,DF,50,21,35,35,3116,3,0,0,0,8,0,1.7,1.0,0,44,12,0,124
mathias jensen,Jensen,Brentford,16,MF,55,27,32,27,2204,3,3,0,0,5,0,0.7,4.0,0,45,9,0,98
naouirou ahamada,Ahamada,Crystal Palace,10,MF,45,21,20,0,349,0,0,0,0,4,1,0.5,0.0,0,14,0,0,16
konstantinos mavropanos,Mavropanos,West Ham,9,DF,45,25,19,16,1500,1,0,0,0,2,0,1.2,0.2,2,27,3,0,40
boubacar kamara,Kamara,Aston Villa,4,MF,50,23,20,20,1652,0,1,0,0,7,1,0.1,1.3,0,22,7,0,40
nick pope,Pope,Newcastle,7,GK,50,31,15,15,1345,0,0,0,0,1,0,0.0,0.0,0,16,6,43,57
santiago bueno,S.Bueno,Wolves,14,DF,45,24,12,9,822,0,0,0,0,1,0,0.0,0.1,0,18,0,0,13
tawanda chirewa,Chirewa,Wolves,14,MF,45,19,8,1,145,0,0,0,0,1,0,0.2,0.0,0,2,0,0,8
lewis cook,Cook,Bournemouth,12,MF,50,26,33,32,2786,0,3,0,0,5,1,0.4,4.3,0,51,8,0,77
ben doak,Doak,Liverpool,3,MF,45,17,1,0,14,0,0,0,0,0,0,0.0,0.0,0,0,0,0,1
jaidon anthony,Anthony,Bournemouth,12,MF,45,23,3,2,152,0,0,0,0,1,0,0.1,0.0,0,5,0,0,3
david raya martin,Raya,Arsenal,2,GK,55,27,32,32,2880,0,0,0,0,2,0,0.0,0.0,0,24,16,46,135
luke shaw,Shaw,Man Utd,8,DF,50,28,12,12,959,0,0,0,0,6,0,0.0,1.0,0,13,4,0,31
james tarkowski,Tarkowski,Everton,15,DF,50,30,38,38,3419,1,1,0,0,11,0,2.6,2.5,0,51,13,0,117
ben mee,Mee,Brentford,16,DF,45,33,16,15,1272,2,0,0,0,1,1,1.5,0.3,0,28,1,0,39
ben davies,Davies,Spurs,5,DF,45,30,17,12,1090,1,0,0,0,2,0,2.3,0.4,0,21,1,0,34
pedro lomba neto,Neto,Chelsea,6,MF,65,34,32,32,2880,0,0,0,0,5,0,0.0,0.0,0,27,3,0,86
pervis estupinan,Estupiñan,Brighton,11,DF,50,25,19,15,1243,2,3,0,0,4,0,1.0,3.5,1,26,3,0,57
oliver skipp,Skipp,Spurs,5,MF,50,22,21,5,707,0,0,0,0,3,0,0.7,0.6,0,17,0,0,22
gabriel fernando de jesus,G.Jesus,Arsenal,2,FW,70,26,27,17,1478,4,5,0,0,6,0,6.3,3.8,0,11,11,0,85
norberto murara neto,Neto,Bournemouth,12,GK,45,34,32,32,2880,0,0,0,0,5,0,0.0,0.0,0,27,3,0,86
ezri konsa ngoyo,Konsa,Aston Villa,4,DF,45,25,35,35,3069,1,0,0,0,5,0,2.5,0.5,0,54,7,0,91
lloyd kelly,Kelly,Newcastle,7,DF,45,24,23,17,1559,0,1,0,0,2,0,0.3,1.2,0,32,4,0,48
aaron hickey,Hickey,Brentford,16,DF,45,21,9,9,713,0,0,0,0,5,0,0.2,0.1,0,12,2,0,17
micky van de ven,Van de Ven,Spurs,5,DF,45,22,27,27,2339,3,0,0,0,5,0,0.6,0.0,0,38,5,0,81
john mcginn,McGinn,Aston Villa,4,MF,55,28,35,35,2999,6,4,0,0,9,1,5.0,4.6,0,54,7,0,119
arijanet muric,Muric,Ipswich,20,GK,45,24,10,10,900,0,0,0,0,0,0,0.0,0.2,1,16,0,64,47
ibrahim sangare,Sangaré,Nott'm Forest,17,MF,45,25,17,13,1035,0,0,0,0,6,0,0.6,0.4,0,16,4,0,25
emile smith rowe,Smith Rowe,Fulham,13,MF,55,23,13,3,353,0,1,0,0,0,0,2.0,0.2,0,3,3,0,25
đorđe petrovic,Petrović,Chelsea,6,GK,45,23,23,22,1987,0,0,0,0,2,0,0.0,0.0,0,38,5,75,71
kobbie mainoo,Mainoo,Man Utd,8,MF,55,18,24,24,1924,3,1,0,0,3,0,0.9,0.7,0,31,7,0,77
cesare casadei,Casadei,Chelsea,6,MF,45,20,11,0,79,0,0,0,0,0,0,0.0,0.1,0,3,0,0,11
stefan bajcetic maquieira,Bajcetic,Liverpool,3,MF,45,18,1,0,26,0,0,0,0,0,0,0.0,0.0,0,2,0,0,1
yves bissouma,Bissouma,Spurs,5,MF,50,26,28,26,2068,0,0,0,0,10,2,1.4,0.4,0,35,7,0,44
moises caicedo corozo,Caicedo,Chelsea,6,MF,50,21,35,33,2866,1,3,0,0,11,0,0.4,2.6,0,50,7,0,84
bukayo saka,Saka,Arsenal,2,MF,100,21,35,35,2919,16,9,6,0,4,0,15.5,10.5,0,27,16,0,226
boubacar traore,B.Traore,Wolves,14,MF,50,21,24,7,819,0,0,0,0,4,0,0.3,0.4,0,23,0,0,25
dejan kulusevski,Kulusevski,Spurs,5,MF,65,23,36,31,2762,8,3,0,0,7,0,4.7,7.7,0,46,8,0,130
amad diallo,Amad,Man Utd,8,MF,50,21,9,3,390,1,1,0,0,1,0,0.5,1.1,0,6,1,0,23
luis sinisterra,Sinisterra,Bournemouth,12,MF,50,24,20,7,699,2,2,0,0,0,0,2.5,2.4,0,18,1,0,43
raul jimenez,Raúl,Fulham,13,FW,55,32,24,18,1395,7,0,0,0,3,1,5.2,1.5,0,29,4,0,72
ian maatsen,Maatsen,Aston Villa,4,DF,50,21,12,1,209,0,0,0,0,1,0,0.8,0.1,0,5,0,0,11
tyler adams,Adams,Bournemouth,12,MF,50,24,3,1,121,0,0,0,0,0,0,0.0,0.1,0,3,0,0,5
cameron archer,Archer,Aston Villa,4,FW,50,22,1,0,6,0,0,0,0,1,0,0.0,0.0,0,50,2,0,82
joao pedro junqueira de jesus,João Pedro,Brighton,11,FW,55,21,31,19,2045,9,3,4,1,2,0,11.9,3.8,0,38,5,0,104
rico lewis,Lewis,Man City,1,DF,45,18,16,8,809,2,0,0,0,1,0,0.6,1.1,0,9,4,0,52
mikkel damsgaard,Damsgaard,Brentford,16,MF,50,23,23,7,842,0,2,0,0,2,0,0.9,1.4,0,9,5,0,45
michael keane,Keane,Everton,15,DF,40,30,9,4,439,1,0,0,0,2,0,0.7,0.0,0,13,1,0,18
joachim andersen,Andersen,Crystal Palace,10,DF,45,27,38,38,3415,2,3,0,0,7,0,1.7,2.8,0,58,10,0,121
rasmus højlund,Højlund,Man Utd,8,FW,70,20,30,25,2158,10,2,0,0,2,0,7.6,1.6,0,35,6,0,112
miguel almiron rejala,Almirón,Newcastle,7,MF,60,29,33,23,1937,3,1,0,0,2,0,4.5,2.6,0,40,5,0,77
james ward-prowse,Ward-Prowse,West Ham,9,MF,65,28,37,34,3001,7,7,2,0,4,0,6.0,7.8,0,65,5,0,146
mohamed salah,M.Salah,Liverpool,3,MF,125,31,32,28,2534,18,10,5,2,2,0,21.2,11.8,0,30,8,0,211
jean-philippe mateta,Mateta,Crystal Palace,10,FW,75,26,35,25,2282,16,5,2,0,3,0,10.9,3.1,0,44,8,0,165
jakub kiwior,Kiwior,Arsenal,2,DF,50,23,20,11,946,1,3,0,0,1,0,0.8,0.9,0,8,6,0,67
harvey elliott,Elliott,Liverpool,3,MF,55,20,34,11,1352,3,6,0,0,2,0,2.7,3.5,0,13,4,0,96
myles peart-harris,Peart-Harris,Brentford,16,MF,45,20,3,0,13,0,0,0,0,0,0,0.0,0.0,0,0,0,0,3
sergio reguilon,Reguilón,Spurs,5,DF,45,26,9,4,412,0,0,0,0,3,0,0.2,0.7,0,30,5,0,74
robert sanchez,Sánchez,Chelsea,6,GK,45,25,16,16,1433,0,0,0,0,2,0,0.0,0.0,0,25,3,53,59
matty cash,Cash,Aston Villa,4,DF,45,25,29,23,2142,2,2,0,0,8,0,4.2,2.3,1,36,3,0,64
adam webster,Webster,Brighton,11,DF,45,28,15,13,1144,0,0,0,0,2,0,0.4,0.1,1,22,2,0,26
harrison reed,Reed,Fulham,13,MF,50,28,27,15,1325,0,2,0,0,6,0,0.3,1.1,0,23,6,0,47
michail antonio,Antonio,West Ham,9,FW,55,33,26,21,1695,6,2,0,0,6,0,5.8,0.9,0,34,5,0,78
wes foderingham,Foderingham,West Ham,9,GK,45,32,30,29,2649,0,0,0,0,2,0,0.0,0.1,1,79,1,133,70
adam lallana,Lallana,Southampton,20,MF,50,35,25,13,850,0,1,0,0,2,0,0.8,1.7,0,13,2,0,30
jeffrey schlupp,Schlupp,Crystal Palace,10,MF,50,30,29,17,1352,2,2,0,0,1,0,1.8,2.3,0,25,4,0,66
conor gallagher,Gallagher,Chelsea,6,MF,60,23,37,37,3128,5,7,0,0,9,1,4.2,5.0,0,56,8,0,129
emil krafth,Krafth,Newcastle,7,DF,45,28,17,8,913,0,0,0,0,2,0,0.2,1.0,0,15,3,0,33
destiny udogie,Udogie,Spurs,5,DF,50,20,28,28,2391,2,3,0,0,7,1,2.4,2.2,0,43,5,0,79
alexis mac allister,Mac Allister,Liverpool,3,MF,65,24,33,31,2599,5,5,1,0,7,1,3.7,3.6,0,34,6,0,109
luke thomas,Thomas,Leicester,20,DF,40,22,12,11,917,0,0,0,0,3,0,0.5,0.1,0,29,0,0,7
matt turner,Turner,Nott'm Forest,17,GK,40,29,17,17,1530,0,0,0,0,2,0,0.0,0.0,0,28,2,55,41
mohammed kudus,Kudus,West Ham,9,MF,65,22,33,27,2484,8,6,0,0,6,0,5.1,3.5,0,61,3,0,137
trent alexander-arnold,Alexander-Arnold,Liverpool,3,DF,70,24,28,25,2155,3,4,0,0,6,0,2.6,7.2,0,28,8,0,122
alex scott,Scott,Bournemouth,12,MF,50,19,23,11,1014,1,1,0,0,3,0,0.7,1.7,0,25,3,0,41
ryan christie,Christie,Bournemouth,12,MF,50,28,37,35,2907,0,5,0,0,6,0,2.3,5.4,0,56,8,0,90
sam johnstone,Johnstone,Crystal Palace,10,GK,45,30,20,20,1796,0,0,0,0,1,0,0.0,0.0,0,27,6,41,68
nathaniel clyne,Clyne,Crystal Palace,10,DF,45,32,19,14,1338,0,0,0,0,0,0,0.2,0.2,0,16,5,0,52
dominik szoboszlai,Szoboszlai,Liverpool,3,MF,65,22,33,25,2104,3,2,0,0,1,0,3.7,5.8,0,23,8,0,99
issa diop,Diop,Fulham,13,DF,45,26,18,16,1424,0,0,0,0,4,1,0.3,0.0,0,26,5,0,43
facundo pellistri rebollo,Pellistri,Man Utd,8,MF,50,21,9,1,172,0,1,0,0,0,0,0.7,0.1,0,2,0,0,13
axel disasi,Disasi,Chelsea,6,DF,45,25,31,29,2579,2,0,0,0,6,0,2.4,0.3,1,50,5,0,71
odsonne edouard,Edouard,Crystal Palace,10,FW,55,25,30,17,1555,7,0,0,0,4,0,6.2,1.2,0,24,6,0,79
alejo veliz,Veliz,Spurs,5,FW,50,19,8,0,50,1,0,0,0,1,0,0.2,0.0,0,2,0,0,11
callum hudson-odoi,Hudson-Odoi,Nott'm Forest,17,MF,55,22,29,20,1854,8,1,0,0,0,0,2.7,2.8,0,41,2,0,109
tino livramento,Livramento,Newcastle,7,DF,45,20,26,12,1314,1,0,0,0,1,0,0.4,0.8,0,27,2,0,45
sven botman,Botman,Newcastle,7,DF,45,23,17,15,1377,2,2,0,0,2,0,0.6,1.0,1,29,3,0,51
nathan ake,Aké,Man City,1,DF,55,28,29,24,2042,2,2,0,0,0,0,2.5,1.2,0,20,6,0,99
chris mepham,Mepham,Bournemouth,12,DF,45,25,10,6,617,0,1,0,0,2,0,0.1,0.4,0,16,1,0,16
mykhailo mudryk,Mudryk,Chelsea,6,MF,65,22,31,18,1576,5,2,0,0,5,0,4.4,4.1,0,28,7,0,94
willy boly,Boly,Nott'm Forest,17,DF,45,32,20,18,1438,2,1,0,0,3,1,1.5,1.3,0,26,3,0,58
antonee robinson,Robinson,Fulham,13,DF,45,25,37,37,3265,0,6,0,0,6,0,0.7,4.2,2,60,9,0,104
reiss nelson,Nelson,Arsenal,2,MF,50,23,15,1,268,0,0,0,0,1,0,0.2,0.6,0,1,1,0,16
kai havertz,Havertz,Arsenal,2,FW,80,24,37,30,2634,13,7,1,0,11,0,12.3,4.4,0,22,16,0,180
emiliano martinez romero,Martinez,Aston Villa,4,GK,50,30,34,34,3015,0,0,0,0,4,0,0.0,0.0,2,48,8,95,115
andrew omobamidele,Omobamidele,Nott'm Forest,17,DF,45,21,11,8,783,0,0,0,0,2,0,0.1,0.1,1,15,0,0,11
ross barkley,Barkley,Aston Villa,4,MF,55,29,32,30,2618,5,4,0,0,6,0,4.1,3.7,0,66,2,0,101
julio enciso,Enciso,Brighton,11,MF,55,19,12,5,475,0,2,0,0,2,0,1.4,1.7,0,12,0,0,20
kenny tete,Tete,Fulham,13,DF,45,27,14,10,867,1,0,0,0,2,0,0.9,0.4,0,21,2,0,27
jack grealish,Grealish,Man City,1,MF,65,27,20,10,1009,3,1,0,0,6,0,2.1,2.5,0,13,3,0,50
mason holgate,Holgate,Everton,15,DF,40,26,10,9,710,0,0,0,0,3,1,0.6,0.4,0,27,0,0,1
frank onyeka,Onyeka,Brentford,16,MF,50,25,26,11,1161,1,2,0,0,8,0,2.2,1.8,0,27,1,0,39
phil foden,Foden,Man City,1,MF,95,23,35,33,2857,19,8,0,0,2,0,10.3,8.4,0,27,14,0,230
kevin de bruyne,De Bruyne,Man City,1,MF,95,32,18,15,1221,4,10,0,0,2,0,2.4,11.5,0,8,7,0,98
neal maupay,Maupay,Everton,15,FW,50,26,2,1,111,0,0,0,0,0,0,1.4,0.1,0,37,4,0,76
max kilman,Kilman,West Ham,9,DF,45,26,38,38,3420,2,0,0,0,7,0,1.8,1.4,0,65,5,0,82
joelinton cassio apolinario de lira,Joelinton,Newcastle,7,MF,60,26,20,15,1279,2,1,0,0,6,0,3.1,2.8,0,23,3,0,45
harry maguire,Maguire,Man Utd,8,DF,50,30,22,18,1653,2,2,0,0,4,0,2.0,1.2,0,29,4,0,73
ben brereton diaz,Brereton Díaz,Southampton,20,MF,55,24,14,14,1105,6,1,1,0,3,0,6.1,1.5,0,37,0,0,62
jeremy doku,Doku,Man City,1,MF,65,21,29,18,1595,3,8,0,0,3,0,2.5,4.6,0,19,1,0,98
simon adingra,Adingra,Brighton,11,MF,55,21,31,25,2222,6,1,0,0,3,0,4.3,3.7,0,38,4,0,97
edson alvarez velazquez,Álvarez,West Ham,9,MF,50,25,31,28,2377,1,1,0,0,11,0,1.3,0.6,0,45,5,0,62
ben chilwell,Chilwell,Chelsea,6,DF,50,26,13,9,756,0,1,0,0,5,0,1.2,2.2,0,14,1,0,24
nathan patterson,Patterson,Everton,15,DF,45,21,20,9,1005,0,2,0,0,4,0,0.3,1.7,0,21,2,0,34
murillo santiago costa dos santos,Murillo,Nott'm Forest,17,DF,45,21,32,32,2789,0,2,0,0,5,0,1.8,1.2,1,56,3,0,58
john stones,Stones,Man City,1,DF,55,29,16,12,1064,1,0,0,0,2,0,1.0,0.2,0,9,5,0,53
benoit badiashile,B.Badiashile,Chelsea,6,DF,45,22,18,15,1338,0,1,0,0,3,0,0.3,1.5,1,31,3,0,35
james hill,Hill,Bournemouth,12,DF,40,21,5,1,76,0,0,0,0,0,0,0.0,0.0,0,1,0,0,5
konstantinos tsimikas,Tsimikas,Liverpool,3,DF,50,27,13,8,679,0,3,0,0,0,0,0.1,1.0,0,7,4,0,48
nayef aguerd,N.Aguerd,West Ham,9,DF,45,27,21,21,1857,1,0,0,0,3,1,1.5,0.3,0,44,2,0,36
christopher nkunku,Nkunku,Chelsea,6,MF,65,25,11,2,443,3,0,0,0,0,0,2.3,0.2,0,12,0,0,29
caoimhin kelleher,Kelleher,Liverpool,3,GK,45,24,10,10,900,0,0,0,0,0,0,0.0,0.0,0,11,2,28,34
tyrick mitchell,Mitchell,Crystal Palace,10,DF,50,23,37,37,3204,2,3,0,0,6,0,1.6,2.8,0,55,10,0,119
oscar bobb,Bobb,Man City,1,MF,50,20,14,2,302,1,1,0,0,0,0,1.4,1.2,0,5,1,0,30
leandro trossard,Trossard,Arsenal,2,MF,70,28,34,18,1649,12,1,0,0,2,0,7.9,2.8,0,10,12,0,138
cristian romero,Romero,Spurs,5,DF,50,25,33,33,2790,5,0,0,0,7,1,3.5,0.4,1,46,7,0,107
moussa diaby,Diaby,Aston Villa,4,MF,65,24,38,25,2174,6,8,0,0,1,0,7.0,6.6,0,40,8,0,142
scott mctominay,McTominay,Man Utd,8,MF,50,26,32,18,1901,7,1,0,0,2,0,5.7,0.8,0,30,7,0,98
armando broja,Broja,Chelsea,6,FW,55,21,8,0,88,0,0,0,0,0,0,0.0,0.2,0,9,3,0,35
james mcconnell,McConnell,Liverpool,3,MF,45,18,3,0,4,0,0,0,0,0,0,0.0,0.0,0,0,0,0,3
charlie taylor,Taylor,Southampton,20,DF,40,29,28,25,2331,1,1,0,0,8,0,0.2,1.2,0,46,2,0,47
pau torres,Pau,Aston Villa,4,DF,45,26,29,27,2464,2,0,0,0,1,0,1.0,0.4,0,37,6,0,85
jacob murphy,J.Murphy,Newcastle,7,MF,55,28,21,14,1189,3,7,0,0,1,0,2.1,5.0,0,21,5,0,82
jakub moder,Moder,Brighton,11,MF,45,24,17,6,618,0,0,0,0,2,0,0.6,0.8,0,13,1,0,21
hwang hee-chan,Hee Chan,Wolves,14,MF,65,27,29,25,2119,12,3,1,0,6,0,7.7,3.0,0,37,3,0,125
deivid washington de souza eugenio,Deivid,Chelsea,6,FW,50,18,2,0,13,0,0,0,0,0,0,0.5,0.0,0,1,0,0,2
christian eriksen,Eriksen,Man Utd,8,MF,55,31,22,12,1141,1,2,0,0,1,0,1.0,2.3,0,27,2,0,48
joel veltman,Veltman,Brighton,11,DF,45,31,27,17,1588,1,1,0,0,4,0,0.4,0.5,0,32,3,0,49
trevoh chalobah,Chalobah,Chelsea,6,DF,45,24,13,10,952,1,0,0,0,1,0,0.2,0.1,0,14,3,0,39
mateo kovacic,Kovačić,Man City,1,MF,55,29,30,16,1551,1,0,0,0,4,0,1.3,1.6,0,14,9,0,59
pablo sarabia,Sarabia,Wolves,14,MF,55,31,30,20,1745,4,7,2,0,5,0,5.5,5.9,0,27,6,0,99
jamaal lascelles,Lascelles,Newcastle,7,DF,45,29,16,13,1080,1,0,0,0,4,0,0.7,0.1,0,15,5,0,46
thomas partey,Thomas,Arsenal,2,MF,50,30,14,9,788,0,0,0,0,3,0,0.4,0.3,0,5,5,0,24
julian alvarez,J.Alvarez,Man City,1,FW,70,23,36,31,2647,11,8,2,0,2,0,13.0,6.4,0,24,12,0,158
alex iwobi,Iwobi,Fulham,13,MF,55,27,2,2,140,0,0,0,0,0,0,0.3,0.2,0,41,7,0,102
seamus coleman,Coleman,Everton,15,DF,45,34,12,7,665,0,0,0,0,0,0,0.0,1.0,1,10,4,0,30
bryan mbeumo,Mbeumo,Brentford,16,MF,70,23,25,22,1960,9,6,3,0,2,0,9.8,4.6,0,31,5,0,127
jack hinshelwood,Hinshelwood,Brighton,11,MF,50,18,12,8,869,3,0,0,0,1,0,1.9,0.7,0,17,2,0,42
luis diaz,Luis Díaz,Liverpool,3,MF,75,26,37,32,2629,8,5,0,0,3,0,11.9,5.7,0,33,7,0,142
kristoffer ajer,Ajer,Brentford,16,DF,45,25,28,21,1832,2,1,0,0,5,0,1.3,2.3,0,33,5,0,68
leon bailey,Bailey,Aston Villa,4,MF,65,25,35,22,2068,10,9,0,0,5,0,6.3,9.2,0,32,5,0,148
alex murphy,A.Murphy,Newcastle,7,DF,40,19,2,0,13,0,0,0,0,0,0,0.0,0.0,0,0,0,0,2
kevin schade,Schade,Brentford,16,MF,55,21,11,3,333,2,1,0,0,0,0,1.2,0.7,0,5,1,0,33
dwight mcneil,McNeil,Everton,15,MF,55,23,35,33,2892,3,6,0,0,2,0,3.4,8.8,0,39,12,0,124
lucas tolentino coelho de lima,L.Paquetá,West Ham,9,MF,60,25,31,31,2622,4,6,2,0,10,0,5.4,5.4,0,52,4,0,100
daniel jebbison,Jebbison,Bournemouth,12,FW,45,19,1,0,21,0,0,0,0,0,0,0.0,0.0,0,0,0,0,1
mahmoud dahoud,Dahoud,Brighton,11,MF,50,27,9,6,452,0,1,0,0,1,1,0.2,0.9,0,6,1,0,14
daniel bentley,Bentley,Wolves,14,GK,40,30,5,3,383,0,0,0,0,0,0,0.0,0.0,0,7,2,8,18
anthony elanga,Elanga,Nott'm Forest,17,MF,55,21,36,25,2433,5,9,0,0,1,0,6.6,6.7,0,47,2,0,119
carlos vinicius alves morais,Vinicius,Fulham,13,FW,50,28,13,2,315,2,0,0,0,2,0,1.6,0.8,0,5,0,0,22
gabriel martinelli silva,Martinelli,Arsenal,2,MF,70,22,35,24,2019,6,4,0,0,1,0,6.8,6.1,0,23,10,0,118
romeo lavia,Lavia,Chelsea,6,MF,45,19,1,0,33,0,0,0,0,0,0,0.0,0.0,0,0,0,0,1
radu dragusin,Dragusin,Spurs,5,DF,45,21,9,4,429,0,0,0,0,1,0,0.1,0.0,0,7,1,0,14
jonny evans,Evans,Man Utd,8,DF,45,35,23,15,1392,0,1,0,0,2,0,0.1,1.2,0,24,4,0,49
evan ferguson,Ferguson,Brighton,11,FW,55,18,27,15,1367,6,0,0,0,1,0,4.6,0.5,0,28,2,0,69
alejandro garnacho,Garnacho,Man Utd,8,MF,65,19,36,30,2565,7,4,0,0,4,0,8.4,5.1,0,39,8,0,131
timothy castagne,Castagne,Fulham,13,DF,45,27,34,29,2634,1,3,0,0,3,0,1.6,1.9,0,40,9,0,105
marcus rashford,Rashford,Man Utd,8,MF,70,25,33,26,2271,7,2,2,0,2,0,7.4,2.3,0,37,7,0,108
brennan johnson,Johnson,Spurs,5,MF,65,22,3,3,237,0,0,0,0,0,0,0.3,0.2,0,42,5,0,131
guglielmo vicario,Vicario,Spurs,5,GK,50,26,38,38,3420,0,0,0,0,2,0,0.0,0.0,0,61,7,110,112
mark flekken,Flekken,Brentford,16,GK,45,30,37,37,3285,0,1,0,0,3,0,0.0,0.5,0,63,7,115,119
pedro porro,Pedro Porro,Spurs,5,DF,55,23,35,35,3089,3,7,0,0,3,0,2.9,7.2,0,54,7,0,136
rico henry,Henry,Brentford,16,DF,45,26,5,5,401,0,1,0,0,1,0,0.1,1.0,0,5,1,0,13
remi matthews,Matthews,Crystal Palace,10,GK,40,29,1,0,4,0,0,0,0,0,0,0.0,0.0,0,1,0,0,1
milos kerkez,Kerkez,Bournemouth,12,DF,45,19,28,22,1970,0,1,0,0,4,1,1.2,0.8,1,37,6,0,59
tim iroegbunam,Iroegbunam,Everton,15,MF,45,20,9,1,164,0,0,0,0,0,0,0.0,0.0,0,7,0,0,10
josh dasilva,Dasilva,Brentford,16,MF,50,24,3,0,24,0,0,0,0,0,0,0.0,0.2,0,0,0,0,3
fabio ferreira vieira,Fábio Vieira,Arsenal,2,MF,55,23,11,2,297,1,2,1,0,0,1,1.3,1.6,0,2,1,0,24
vitaly janelt,Janelt,Brentford,16,MF,50,25,38,37,3054,1,3,0,0,8,0,1.8,4.8,0,52,9,0,93
philip billing,Philip,Bournemouth,12,MF,50,27,29,13,1398,2,2,0,0,3,1,2.5,3.2,0,36,2,0,60
stefan ortega moreno,Ortega Moreno,Man City,1,GK,55,30,9,5,635,0,0,0,0,0,0,0.0,0.0,0,7,1,20,22
amadou onana,Onana,Aston Villa,4,MF,50,21,30,23,2091,2,0,0,0,5,0,2.0,2.7,0,38,5,0,66