,Name,Nationality,Position,Team,Age,Matches Played,Starts,Minutes,Goals,Assists,Penalties,Penalty Attempts,Yellow Cards,Red Cards,xG,xA
0,max aarons,ENG,DF,Bournemouth,24-349,1,0,16,0,0,0,0,0,0,0.0,0.0
1,tyler adams,USA,MF,Bournemouth,25-308,7,4,368,0,0,0,0,2,0,1.1,0.4
2,tosin adarabioyo,ENG,DF,Chelsea,27-085,6,4,353,0,0,0,0,1,0,0.3,0.0
3,simon adingra,CIV,"FW,MF",Brighton,22-352,11,3,349,1,1,0,0,0,0,0.6,0.6
4,asher agbinone,ENG,MF,Crystal Palace,19-081,2,0,6,0,0,0,0,0,0,0.0,0.0
5,ola aina,NGA,DF,Nott'ham Forest,28-071,16,16,"1,373",1,0,0,0,2,0,0.1,0.5
6,rayan ait-nouri,ALG,DF,Wolves,23-195,16,16,"1,366",3,3,0,0,6,1,1.3,1.5
7,kristoffer ajer,NOR,DF,Brentford,26-245,9,8,651,0,0,0,0,3,0,0.3,0.7
8,manuel akanji,SUI,DF,Manchester City,29-152,12,12,"1,006",0,0,0,0,3,0,0.3,0.3
9,nathan ake,NED,DF,Manchester City,29-304,5,3,299,0,0,0,0,0,0,0.1,0.0
10,carlos alcaraz,ARG,MF,Southampton,22-018,1,0,10,0,0,0,0,0,0,0.1,0.1
11,trent alexander-arnold,ENG,DF,Liverpool,26-072,14,13,"1,040",0,3,0,0,3,0,0.5,3.4
12,alisson,BRA,GK,Liverpool,32-077,7,7,618,0,0,0,0,0,0,0.0,0.0
13,miguel almiron,PAR,FW,Newcastle Utd,30-312,6,1,123,0,0,0,0,0,0,0.5,0.2
14,edson alvarez,MEX,MF,West Ham,27-055,12,8,704,0,0,0,0,6,1,0.1,0.4
15,samuel amo-ameyaw,ENG,"FW,DF",Southampton,18-153,2,0,28,0,0,0,0,1,0,0.0,0.1
16,joachim andersen,DEN,DF,Crystal Palace,28-201,1,1,90,0,0,0,0,1,0,0.0,0.0
17,joachim andersen,DEN,DF,Fulham,28-201,8,8,693,0,0,0,0,0,1,0.2,0.2
18,elliot anderson,ENG,"MF,FW",Nott'ham Forest,22-042,15,11,907,0,5,0,0,3,0,0.9,2.4
19,andre,BRA,MF,Wolves,23-155,12,10,730,0,0,0,0,2,0,0.1,0.2
20,michail antonio,JAM,FW,West Ham,34-265,14,11,836,1,1,0,0,1,0,2.2,1.6
21,antony,BRA,"FW,MF",Manchester Utd,24-298,4,0,53,0,0,0,0,0,0,0.2,0.1
22,julian araujo,MEX,DF,Bournemouth,23-127,8,5,355,0,0,0,0,1,0,0.0,0.0
23,cameron archer,ENG,FW,Southampton,23-150,16,9,852,2,0,0,1,0,0,4.4,0.2
24,alphonse areola,FRA,GK,West Ham,31-295,8,8,675,0,0,0,0,0,0,0.0,0.0
25,,,,,,,,,,,,,,,,
26,joe aribo,NGA,MF,Southampton,28-150,15,8,903,2,0,0,0,0,0,2.2,1.2
27,adam armstrong,ENG,"FW,MF",Southampton,27-312,13,10,853,2,1,0,1,4,0,2.9,0.4
28,harrison armstrong,ENG,MF,Everton,17-334,2,0,3,0,0,0,0,1,0,0.0,0.0
29,kepa arrizabalaga,ESP,GK,Bournemouth,30-076,11,11,990,0,0,0,0,1,0,0.0,0.0
30,taiwo awoniyi,NGA,FW,Nott'ham Forest,27-128,11,2,204,0,0,0,0,0,0,0.4,0.1
31,yasin ayari,SWE,MF,Brighton,21-073,13,9,797,0,0,0,0,2,0,0.9,1.0
32,jordan ayew,GHA,"FW,MF",Crystal Palace,33-098,1,0,21,0,0,0,0,1,0,0.5,0.0
33,jordan ayew,GHA,"FW,MF",Leicester City,33-098,14,7,658,3,0,1,1,3,0,2.1,0.1
34,benoit badiashile,FRA,DF,Chelsea,23-267,4,2,249,0,0,0,0,0,0,0.0,0.0
35,leon bailey,JAM,"FW,MF",Aston Villa,27-131,14,10,731,0,2,0,0,2,0,0.6,1.3
36,carlos baleba,CMR,MF,Brighton,20-350,13,11,897,2,1,0,0,4,1,1.0,0.6
37,ross barkley,ENG,MF,Aston Villa,31-013,13,2,449,2,1,0,0,3,0,1.5,0.5
38,harvey barnes,ENG,FW,Newcastle Utd,27-009,16,6,724,5,1,0,0,0,0,2.6,2.4
39,calvin bassey,NGA,DF,Fulham,24-353,15,15,"1,350",0,0,0,0,5,0,0.3,0.0
40,jan bednarek,POL,DF,Southampton,28-250,12,12,"1,070",0,0,0,0,3,0,0.0,0.4
41,jean-ricner bellegarde,FRA,"MF,FW",Wolves,26-174,14,9,725,1,2,0,0,2,0,0.6,0.6
42,rodrigo bentancur,URU,MF,Tottenham,27-176,10,7,535,1,0,0,0,4,0,0.7,0.1
43,sander berge,NOR,MF,Fulham,26-308,13,9,883,0,0,0,0,2,0,0.1,0.4
44,lucas bergvall,SWE,MF,Tottenham,18-320,10,1,171,0,0,0,0,1,0,0.1,0.2
45,victor bernth kristiansen,DEN,DF,Leicester City,22-002,14,14,"1,217",0,1,0,0,1,0,0.0,1.0
46,beto,GNB,FW,Everton,26-322,9,1,187,1,0,0,0,0,0,1.6,0.0
47,philip billing,DEN,MF,Bournemouth,28-190,6,0,71,0,0,0,0,0,0,0.3,0.8
48,yves bissouma,MLI,MF,Tottenham,28-110,12,8,738,2,0,0,0,5,0,0.3,0.2
49,lamare bogarde,NED,DF,Aston Villa,20-348,3,3,213,0,0,0,0,1,0,0.0,0.1
50,willy boly,CIV,DF,Nott'ham Forest,33-319,3,1,92,0,0,0,0,0,0,0.1,0.0
51,,,,,,,,,,,,,,,,
52,jarrod bowen,ENG,"FW,MF",West Ham,27-364,16,16,"1,416",4,4,1,1,1,0,3.2,4.0
53,conor bradley,NIR,DF,Liverpool,21-162,7,1,236,0,0,0,0,1,0,0.4,0.0
54,jarrad branthwaite,ENG,DF,Everton,22-174,8,6,548,0,0,0,0,0,0,0.0,0.0
55,james bree,ENG,DF,Southampton,27-068,3,2,137,0,0,0,0,0,0,0.0,0.2
56,ben brereton,CHI,FW,Southampton,25-244,10,4,449,0,0,0,0,1,0,0.9,0.1
57,nathan broadhead,WAL,"FW,MF",Ipswich Town,26-257,2,0,37,0,0,0,0,0,0,0.0,0.0
58,armando broja,ALB,FW,Everton,23-099,2,0,33,0,0,0,0,1,0,0.0,0.0
59,david brooks,WAL,"FW,MF",Bournemouth,27-163,9,1,174,1,0,0,0,1,0,0.5,0.6
60,emi buendia,ARG,"MF,FW",Aston Villa,27-359,7,0,43,0,0,0,0,1,0,0.1,0.0
61,santiago bueno,URU,DF,Wolves,26-039,9,8,701,0,0,0,0,0,0,0.2,0.0
62,facundo buonanotte,ARG,"MF,FW",Leicester City,19-361,13,10,915,4,2,0,0,5,0,3.2,2.6
63,cameron burgess,AUS,DF,Ipswich Town,29-058,8,8,720,0,1,0,0,0,0,0.6,0.3
64,dan burn,ENG,DF,Newcastle Utd,32-223,15,15,"1,350",0,0,0,0,5,0,0.7,0.2
65,wes burns,WAL,FW,Ipswich Town,30-025,13,8,655,0,1,0,0,1,0,0.3,1.6
66,moises caicedo,ECU,"MF,DF",Chelsea,23-046,16,16,"1,415",1,2,0,0,3,0,0.4,2.0
67,tom cairney,SCO,MF,Fulham,33-333,10,0,178,1,0,0,0,2,1,0.0,0.5
68,jens cajuste,SWE,MF,Ipswich Town,25-130,10,7,545,0,0,0,0,2,0,0.1,0.2
69,riccardo calafiori,ITA,DF,Arsenal,22-213,8,6,507,1,0,0,0,1,0,0.5,0.1
70,dominic calvert-lewin,ENG,FW,Everton,27-277,15,14,"1,159",2,1,0,0,1,0,4.4,0.4
71,diego carlos,BRA,DF,Aston Villa,31-278,9,7,740,0,0,0,0,1,0,0.6,0.0
72,fabio carvalho,POR,"FW,MF",Brentford,22-110,15,3,419,1,1,0,0,1,0,2.1,0.5
73,casemiro,BRA,MF,Manchester Utd,32-299,12,9,745,1,0,0,0,1,0,1.0,2.0
74,kaelan casey,ENG,DF,West Ham,20-051,1,0,1,0,0,0,0,0,0,0.0,0.0
75,matty cash,POL,"DF,FW",Aston Villa,27-133,10,9,740,1,0,0,0,3,0,0.1,0.2
76,timothy castagne,BEL,DF,Fulham,29-013,6,1,183,0,0,0,0,0,0,0.1,0.0
77,,,,,,,,,,,,,,,,
78,trevoh chalobah,ENG,DF,Crystal Palace,25-166,10,10,880,2,0,0,0,1,0,0.9,0.4
79,conor chaplin,ENG,"MF,FW",Ipswich Town,27-306,14,6,553,1,1,0,0,1,0,1.2,0.4
80,federico chiesa,ITA,FW,Liverpool,27-054,1,0,19,0,0,0,0,0,0,0.2,0.0
81,chiquinho,POR,MF,Wolves,24-317,1,0,7,0,0,0,0,0,0,0.0,0.0
82,hamza choudhury,ENG,MF,Leicester City,27-078,2,1,73,0,0,0,0,0,0,0.0,0.1
83,ryan christie,SCO,MF,Bournemouth,29-300,15,13,"1,044",1,0,0,0,5,0,0.8,1.6
84,harry clarke,ENG,DF,Ipswich Town,23-291,5,3,288,0,0,0,0,3,1,0.1,0.0
85,jack clarke,ENG,FW,Ipswich Town,24-025,14,4,504,0,2,0,0,1,0,0.8,1.1
86,nathaniel clyne,ENG,"DF,MF",Crystal Palace,33-257,7,3,302,0,0,0,0,0,0,0.0,0.0
87,conor coady,ENG,DF,Leicester City,31-297,5,4,368,0,0,0,0,1,0,0.0,0.0
88,seamus coleman,IRL,DF,Everton,36-068,1,1,90,0,0,0,0,0,0,0.6,0.0
89,nathan collins,IRL,DF,Brentford,23-232,16,16,"1,440",2,1,0,0,2,0,2.0,1.3
90,toby collyer,ENG,MF,Manchester Utd,20-350,1,0,45,0,0,0,0,0,0,0.0,0.1
91,levi colwill,ENG,DF,Chelsea,21-296,15,15,"1,349",0,0,0,0,3,0,0.4,0.7
92,lewis cook,ENG,MF,Bournemouth,27-319,15,14,"1,267",1,3,0,0,4,0,0.6,2.3
93,maxwel cornet,CIV,FW,Southampton,28-082,2,1,72,0,0,0,0,1,0,0.2,0.0
94,vladimir coufal,CZE,DF,West Ham,32-118,9,4,417,0,0,0,0,2,0,0.2,0.3
95,aaron cresswell,ENG,DF,West Ham,35-003,5,0,32,0,0,0,0,1,0,0.0,0.1
96,marc cucurella,ESP,DF,Chelsea,26-149,15,13,"1,174",1,1,0,0,8,1,0.2,0.9
97,jorge cuenca,ESP,DF,Fulham,25-031,4,1,93,0,0,0,0,0,0,0.0,0.0
98,matheus cunha,BRA,"MF,FW",Wolves,25-205,16,15,"1,335",8,3,0,0,2,0,3.8,4.3
99,patson daka,ZAM,"FW,MF",Leicester City,26-070,5,0,112,1,0,0,0,0,0,0.2,0.0
100,diogo dalot,POR,DF,Manchester Utd,25-275,16,16,"1,406",0,1,0,0,3,0,0.9,1.2
101,mikkel damsgaard,DEN,"MF,FW",Brentford,24-168,16,13,"1,100",2,4,0,0,0,0,1.5,3.7
102,danilo,BRA,MF,Nott'ham Forest,23-233,1,1,14,0,0,0,0,0,0,0.0,0.0
103,,,,,,,,,,,,,,,,
104,ben davies,WAL,DF,Tottenham,31-238,4,3,271,0,0,0,0,1,0,0.0,0.0
105,leif davis,ENG,DF,Ipswich Town,24-341,16,16,"1,440",1,2,0,0,2,0,0.6,3.2
106,craig dawson,ENG,DF,Wolves,34-226,12,9,886,0,0,0,0,2,0,0.5,0.0
107,kevin de bruyne,BEL,MF,Manchester City,33-173,10,7,627,2,2,0,0,2,0,2.1,3.7
108,liam delap,ENG,FW,Ipswich Town,21-314,16,15,"1,186",6,1,0,0,4,0,4.4,1.3
109,sepp van den berg,NED,DF,Brentford,22-364,14,13,"1,174",0,0,0,0,1,0,0.6,0.1
110,justin devenny,NIR,MF,Crystal Palace,21-068,6,2,207,1,0,0,0,0,0,0.5,0.3
111,kiernan dewsbury-hall,ENG,MF,Chelsea,26-103,5,0,59,0,0,0,0,0,0,0.0,0.1
112,amad diallo,CIV,"FW,DF",Manchester Utd,22-160,14,9,886,2,6,0,0,2,0,2.0,2.2
113,ruben dias,POR,DF,Manchester City,27-218,13,12,"1,087",0,0,0,0,3,0,1.1,0.3
114,luis diaz,COL,FW,Liverpool,27-340,15,10,880,5,2,0,0,1,0,3.6,1.6
115,tyler dibling,ENG,"MF,FW",Southampton,18-281,15,10,930,1,0,0,0,5,0,1.1,1.2
116,lucas digne,FRA,DF,Aston Villa,31-151,16,14,"1,165",0,2,0,0,3,0,0.5,2.9
117,issa diop,FRA,DF,Fulham,27-344,11,8,753,0,0,0,0,2,0,0.5,0.1
118,axel disasi,FRA,DF,Chelsea,26-282,3,2,184,1,0,0,0,0,0,0.2,0.0
119,roman dixon,ENG,DF,Everton,19-358,1,1,90,0,0,0,0,0,0,0.0,0.0
120,matt doherty,IRL,DF,Wolves,32-337,9,5,444,1,0,0,0,1,0,0.5,1.0
121,jeremy doku,BEL,"FW,MF",Manchester City,22-205,12,7,618,2,2,0,0,0,0,0.7,1.4
122,nicolas dominguez,ARG,"MF,FW",Nott'ham Forest,26-173,14,9,780,0,0,0,0,4,0,1.2,0.2
123,alfie dorrington,ENG,DF,Tottenham,19-242,1,0,14,0,0,0,0,0,0,0.0,0.0
124,abdoulaye doucoure,MLI,MF,Everton,31-352,13,12,983,0,0,0,0,0,0,0.6,0.5
125,cheick doucoure,MLI,MF,Crystal Palace,24-345,8,3,247,0,0,0,0,1,0,0.4,0.0
126,flynn downes,ENG,MF,Southampton,25-333,14,14,"1,219",1,0,0,0,6,0,0.6,0.9
127,tommy doyle,ENG,MF,Wolves,23-062,12,2,331,0,1,0,0,0,0,0.5,0.4
128,radu dragusin,ROU,DF,Tottenham,22-319,9,7,716,0,0,0,0,0,0,0.0,0.0
129,,,,,,,,,,,,,,,,
130,martin dubravka,SVK,GK,Newcastle Utd,35-338,1,1,90,0,0,0,0,0,0,0.0,0.0
131,lewis dunk,ENG,DF,Brighton,33-027,12,11,994,0,0,0,0,4,0,0.6,0.5
132,jhon duran,COL,FW,Aston Villa,21-005,16,2,492,6,0,0,0,3,0,3.8,0.2
133,ederson,BRA,GK,Manchester City,31-123,13,13,"1,170",0,1,0,0,3,0,0.0,0.4
134,george edmundson,ENG,DF,Ipswich Town,27-109,1,0,2,0,0,0,0,0,0,0.0,0.0
135,odsonne edouard,FRA,"MF,FW",Crystal Palace,26-337,2,1,115,0,0,0,0,0,0,0.4,0.0
136,odsonne edouard,FRA,FW,Leicester City,26-337,4,0,29,0,0,0,0,0,0,0.0,0.0
137,samuel edozie,ENG,"DF,FW",Southampton,21-325,2,0,65,0,0,0,0,1,0,0.0,0.1
138,ronnie edwards,ENG,DF,Southampton,21-265,1,0,12,0,0,0,0,0,0,0.0,0.0
139,anthony elanga,SWE,FW,Nott'ham Forest,22-235,16,10,821,1,2,0,0,1,0,1.1,1.2
140,harvey elliott,ENG,"DF,FW",Liverpool,21-258,3,0,21,0,0,0,0,0,0,0.0,0.1
141,yunus emre konak,TUR,"MF,FW",Brentford,18-343,4,0,20,0,0,0,0,0,0,0.2,0.0
142,julio enciso,PAR,"MF,FW",Brighton,20-330,8,0,136,0,0,0,0,0,0,0.3,0.2
143,wataru endo,JPN,MF,Liverpool,31-313,6,0,23,0,0,0,0,0,0,0.0,0.0
144,christian eriksen,DEN,MF,Manchester Utd,32-308,9,6,507,0,0,0,0,2,0,0.1,1.7
145,pervis estupinan,ECU,DF,Brighton,26-332,13,10,974,0,1,0,0,2,0,0.5,1.3
146,evanilson,BRA,FW,Bournemouth,25-073,15,14,"1,109",4,0,0,1,0,0,5.9,1.1
147,jonny evans,NIR,DF,Manchester Utd,36-350,6,3,290,0,0,0,0,1,0,0.1,0.0
148,eberechi eze,ENG,"MF,FW",Crystal Palace,26-172,13,13,"1,078",1,2,0,0,0,0,3.5,2.1
149,łukasz fabianski,POL,GK,West Ham,39-244,9,8,765,0,0,0,0,2,0,0.0,0.0
150,wout faes,BEL,DF,Leicester City,26-259,15,13,"1,211",1,0,0,0,2,0,0.9,0.0
151,abdul fatawu issahaku,GHA,FW,Leicester City,20-285,11,6,579,0,2,0,0,0,0,0.4,1.6
152,joao felix,POR,"FW,MF",Chelsea,25-038,9,2,298,1,1,0,0,2,0,1.8,0.9
153,evan ferguson,IRL,FW,Brighton,20-060,11,2,222,1,0,0,0,0,0,0.4,0.3
154,bruno fernandes,POR,"MF,FW",Manchester Utd,30-101,16,16,"1,339",4,5,2,2,1,1,5.7,3.8
155,,,,,,,,,,,,,,,,
156,mateus fernandes,POR,MF,Southampton,20-161,15,13,"1,145",1,1,0,0,4,0,1.6,1.1
157,enzo fernandez,ARG,MF,Chelsea,23-336,15,11,"1,062",3,4,0,0,1,0,1.7,2.4
158,mark flekken,NED,GK,Brentford,31-188,16,16,"1,440",0,1,0,0,1,0,0.0,0.2
159,phil foden,ENG,"MF,FW",Manchester City,24-204,11,7,720,0,1,0,0,1,0,1.6,2.7
160,wesley fofana,FRA,DF,Chelsea,24-001,12,12,"1,015",0,0,0,0,6,0,0.4,0.4
161,carlos forbs,POR,"MF,FW",Wolves,20-274,6,1,206,0,0,0,0,2,0,0.1,0.0
162,fraser forster,ENG,GK,Tottenham,36-276,4,4,360,0,0,0,0,0,0,0.0,0.0
163,ryan fraser,SCO,"FW,DF",Southampton,30-298,7,4,303,0,0,0,0,0,1,0.0,0.1
164,niclas fullkrug,GER,FW,West Ham,31-313,5,0,113,1,0,0,0,0,0,0.8,0.2
165,cody gakpo,NED,FW,Liverpool,25-225,15,7,691,3,1,0,0,3,0,2.9,1.2
166,idrissa gana gueye,SEN,MF,Everton,35-083,14,12,"1,070",0,0,0,0,2,0,0.7,0.6
167,alejandro garnacho,ARG,"FW,MF",Manchester Utd,20-170,15,10,941,3,1,0,0,1,0,4.0,1.1
168,james garner,ENG,"DF,MF",Everton,23-280,4,2,253,0,0,0,0,1,0,0.0,0.0
169,morgan gibbs-white,ENG,MF,Nott'ham Forest,24-326,12,12,933,2,2,0,0,5,1,1.6,2.5
170,billy gilmour,SCO,MF,Brighton,23-190,2,1,98,0,0,0,0,0,0,0.1,0.0
171,joao gomes,BRA,MF,Wolves,23-310,15,15,"1,267",2,1,0,0,5,0,1.0,0.3
172,rodrigo gomes,POR,"DF,FW",Wolves,21-164,9,3,272,0,0,0,0,0,0,0.1,0.2
173,toti gomes,POR,DF,Wolves,25-337,14,13,"1,084",0,1,0,0,4,0,0.0,0.6
174,joe gomez,ENG,DF,Liverpool,27-209,6,3,303,0,0,0,0,0,0,0.3,0.0
175,anthony gordon,ENG,FW,Newcastle Utd,23-298,15,14,"1,183",3,2,1,2,1,0,4.9,3.1
176,ryan gravenberch,NED,MF,Liverpool,22-216,15,15,"1,325",0,1,0,0,4,0,0.6,1.3
177,archie gray,ENG,"DF,MF",Tottenham,18-281,9,2,243,0,0,0,0,0,0,0.0,0.0
178,jack grealish,ENG,"FW,MF",Manchester City,29-099,12,5,483,0,1,0,0,2,0,0.6,1.3
179,jacob greaves,ENG,DF,Ipswich Town,24-097,8,8,720,0,0,0,0,2,0,0.4,0.0
180,brajan gruda,GER,MF,Brighton,20-201,6,0,87,0,0,0,0,0,0,0.1,0.1
181,,,,,,,,,,,,,,,,
182,goncalo guedes,POR,"FW,MF",Wolves,28-019,13,1,269,1,3,0,0,1,0,0.5,0.7
183,marc guehi,ENG,DF,Crystal Palace,24-158,16,16,"1,440",2,1,0,0,3,0,1.3,0.5
184,luis guilherme,BRA,MF,West Ham,18-313,2,0,13,0,0,0,0,0,0,0.0,0.0
185,bruno guimaraes,BRA,MF,Newcastle Utd,27-032,16,16,"1,396",1,3,0,0,3,0,1.8,1.7
186,marc guiu,ESP,FW,Chelsea,18-349,1,0,24,0,0,0,0,0,0,0.0,0.0
187,ilkay gundogan,GER,MF,Manchester City,34-055,15,12,"1,041",0,1,0,0,1,0,1.6,1.3
188,malo gusto,FRA,DF,Chelsea,21-213,13,11,956,0,1,0,0,2,0,1.1,0.7
189,josko gvardiol,CRO,DF,Manchester City,22-330,15,14,"1,302",4,0,0,0,0,0,1.7,1.5
190,erling haaland,NOR,FW,Manchester City,24-150,16,16,"1,439",13,1,1,1,2,0,13.0,1.1
191,lewis hall,ENG,DF,Newcastle Utd,20-101,16,13,"1,228",0,2,0,0,3,0,0.3,3.1
192,ali al hamadi,IRQ,FW,Ipswich Town,22-292,7,0,74,0,0,0,0,2,0,0.1,0.0
193,marcus harness,ENG,MF,Ipswich Town,28-298,2,0,45,0,0,0,0,0,0,0.0,0.0
194,jack harrison,ENG,FW,Everton,28-028,14,8,732,0,0,0,0,0,0,1.6,1.5
195,taylor harwood-bellis,ENG,DF,Southampton,22-323,15,14,"1,220",1,0,0,0,5,0,1.2,0.4
196,kai havertz,GER,FW,Arsenal,25-190,15,15,"1,333",5,2,0,0,2,0,5.9,2.2
197,jan paul van hecke,NED,DF,Brighton,24-193,14,13,"1,160",0,1,0,0,4,0,0.6,0.8
198,hwang hee-chan,KOR,"MF,FW",Wolves,28-327,10,2,319,0,0,0,0,0,0,0.0,0.1
199,dean henderson,ENG,GK,Crystal Palace,27-281,16,16,"1,440",0,0,0,0,2,0,0.0,0.0
200,mads hermansen,DEN,GK,Leicester City,24-160,16,16,"1,395",0,0,0,0,0,0,0.0,0.0
201,son heung-min,KOR,FW,Tottenham,32-163,13,12,985,5,6,0,0,0,0,3.5,5.7
202,james hill,ENG,MF,Bournemouth,22-343,1,0,5,0,0,0,0,0,0,0.0,0.0
203,jack hinshelwood,ENG,"MF,DF",Brighton,19-251,10,10,840,1,0,0,0,2,0,0.7,0.3
204,george hirst,ENG,FW,Ipswich Town,25-307,8,1,180,1,1,0,0,1,0,0.8,0.3
205,mason holgate,ENG,"FW,DF",Everton,28-057,1,0,6,0,0,0,0,0,0,0.0,0.0
206,callum hudson-odoi,ENG,FW,Nott'ham Forest,24-041,15,13,"1,140",2,1,0,0,1,0,1.3,1.3
207,,,,,,,,,,,,,,,,
208,will hughes,ENG,MF,Crystal Palace,29-245,14,9,885,0,2,0,0,6,0,0.6,1.3
209,dean huijsen,ESP,DF,Bournemouth,19-248,10,5,524,1,0,0,0,1,0,0.9,0.4
210,omari hutchinson,ENG,"MF,FW",Ipswich Town,21-049,15,15,"1,311",1,1,0,0,4,0,1.3,1.5
211,rasmus højlund,DEN,FW,Manchester Utd,21-318,11,8,684,2,0,0,0,1,0,1.8,0.7
212,igor,BRA,DF,Brighton,26-315,10,7,748,0,0,0,0,3,0,0.0,0.2
213,danny ings,ENG,FW,West Ham,32-148,9,1,180,1,1,0,0,0,0,2.1,0.7
214,tim iroegbunam,ENG,MF,Everton,21-171,6,4,383,0,0,0,0,2,0,0.2,0.1
215,andy irving,SCO,MF,West Ham,24-219,5,0,51,0,0,0,0,1,0,0.0,0.0
216,alexander isak,SWE,FW,Newcastle Utd,25-088,14,14,"1,127",7,4,0,0,0,0,7.1,2.5
217,alex iwobi,NGA,FW,Fulham,28-229,16,16,"1,389",5,3,0,0,1,0,2.4,3.5
218,nicolas jackson,SEN,FW,Chelsea,23-181,15,15,"1,182",9,3,0,0,4,0,8.5,1.8
219,reece james,ENG,DF,Chelsea,25-010,4,3,241,0,0,0,0,0,0,0.0,0.0
220,vitaly janelt,GER,MF,Brentford,26-222,15,13,"1,154",1,3,0,0,2,0,0.6,1.9
221,vitezslav jaros,CZE,GK,Liverpool,23-148,1,0,12,0,0,0,0,0,0,0.0,0.0
222,daniel jebbison,ENG,FW,Bournemouth,21-127,2,0,28,0,0,0,0,0,0,0.0,0.0
223,mathias jensen,DEN,MF,Brentford,28-352,8,6,479,0,1,0,0,1,0,0.2,0.8
224,gabriel jesus,BRA,FW,Arsenal,27-259,13,2,273,0,0,0,0,4,0,0.9,0.5
225,raul jimenez,MEX,FW,Fulham,33-227,16,12,968,5,2,1,1,1,0,4.9,2.2
226,joao pedro,BRA,"MF,FW",Brighton,23-083,10,8,679,4,3,0,0,1,0,2.5,1.6
227,joelinton,BRA,"MF,FW",Newcastle Utd,28-126,16,16,"1,319",2,0,0,0,5,0,2.2,1.3
228,ben johnson,ENG,"DF,FW",Ipswich Town,24-329,8,5,500,0,1,0,0,1,0,0.0,0.4
229,brennan johnson,WAL,FW,Tottenham,23-209,16,13,"1,171",6,1,0,0,3,0,7.1,0.8
230,sam johnstone,ENG,GK,Wolves,31-268,7,7,630,0,0,0,0,0,0,0.0,0.0
231,curtis jones,ENG,MF,Liverpool,23-323,12,7,637,2,1,0,0,1,0,1.9,0.2
232,jorginho,ITA,MF,Arsenal,32-364,8,5,393,0,0,0,0,3,0,0.0,0.2
233,,,,,,,,,,,,,,,,
234,diogo jota,POR,FW,Liverpool,28-014,8,7,504,3,2,0,0,1,0,3.1,1.1
235,james justin,ENG,DF,Leicester City,26-299,15,15,"1,342",2,1,0,0,2,0,0.6,0.3
236,filip jørgensen,DEN,GK,Chelsea,22-246,1,1,90,0,0,0,0,0,0,0.0,0.0
237,ferdi kadioglu,TUR,"DF,MF",Brighton,25-072,6,5,385,1,0,0,0,1,0,0.4,0.2
238,daichi kamada,JPN,MF,Crystal Palace,28-135,12,7,651,0,0,0,0,2,1,0.6,1.0
239,boubacar kamara,FRA,MF,Aston Villa,25-025,7,4,346,0,0,0,0,1,0,0.0,0.1
240,michael keane,ENG,DF,Everton,31-342,9,9,810,2,0,0,0,4,0,0.4,0.1
241,caoimhin kelleher,IRL,GK,Liverpool,26-025,8,8,720,0,0,0,0,0,0,0.0,0.0
242,lloyd kelly,ENG,DF,Newcastle Utd,26-073,8,4,298,0,1,0,0,2,0,0.4,0.5
243,milos kerkez,HUN,DF,Bournemouth,21-041,16,16,"1,367",1,2,0,0,2,0,0.3,2.5
244,bilal el khannouss,MAR,"MF,FW",Leicester City,20-222,11,6,514,1,1,0,0,0,0,0.2,1.5
245,max kilman,ENG,DF,West Ham,27-209,16,16,"1,440",0,1,0,0,3,0,1.4,0.5
246,joshua king,ENG,MF,Fulham,17-350,1,0,11,0,0,0,0,0,0,0.0,0.0
247,jakub kiwior,POL,DF,Arsenal,24-307,8,2,327,0,0,0,0,0,0,0.0,0.1
248,justin kluivert,NED,"MF,FW",Bournemouth,25-227,16,13,979,5,2,4,4,4,0,5.3,2.0
249,ibrahima konate,FRA,DF,Liverpool,25-207,12,11,974,1,1,0,0,4,0,0.8,0.2
250,ezri konsa,ENG,DF,Aston Villa,27-056,14,14,"1,181",1,0,0,0,0,0,0.6,0.1
251,mateo kovacic,CRO,MF,Manchester City,30-226,12,10,902,3,0,0,0,3,0,1.0,1.6
252,caleb kporha,ENG,DF,Crystal Palace,18-156,1,0,3,0,0,0,0,0,0,0.0,0.0
253,emil krafth,SWE,DF,Newcastle Utd,30-138,3,2,241,0,0,0,0,0,0,0.0,0.1
254,mohammed kudus,GHA,"MF,FW",West Ham,24-138,11,11,901,2,1,0,0,0,1,3.1,1.4
255,dejan kulusevski,SWE,"MF,FW",Tottenham,24-237,16,14,"1,230",4,3,0,0,3,0,2.0,3.7
256,maxence lacroix,FRA,DF,Crystal Palace,24-256,13,13,"1,170",1,1,0,0,3,0,1.2,0.3
257,adam lallana,ENG,MF,Southampton,36-222,8,5,315,0,2,0,0,4,0,0.2,0.9
258,tariq lamptey,GHA,DF,Brighton,24-079,5,3,236,1,2,0,0,0,0,0.1,0.4
259,,,,,,,,,,,,,,,,
260,will lankshear,ENG,FW,Tottenham,19-242,2,0,10,0,0,0,0,0,0,0.0,0.0
261,romeo lavia,BEL,MF,Chelsea,20-347,9,7,477,0,1,0,0,3,0,0.2,0.7
262,mario lemina,GAB,"MF,DF",Wolves,31-108,16,15,"1,332",1,3,0,0,4,0,1.4,1.1
263,bernd leno,GER,GK,Fulham,32-289,16,16,"1,440",0,1,0,0,2,0,0.0,0.1
264,jefferson lerma,COL,MF,Crystal Palace,30-054,12,8,757,0,0,0,0,4,0,0.4,0.9
265,rico lewis,ENG,"DF,MF",Manchester City,20-027,14,12,"1,023",1,2,0,0,4,1,1.1,0.3
266,keane lewis-potter,ENG,"DF,FW",Brentford,23-300,16,14,"1,199",0,1,0,0,3,0,0.9,1.1
267,myles lewis-skelly,ENG,DF,Arsenal,18-083,3,1,84,0,0,0,0,1,0,0.0,0.1
268,matthijs de ligt,NED,DF,Manchester Utd,25-128,16,13,"1,139",1,0,0,0,2,0,1.2,0.1
269,victor lindelof,SWE,"DF,MF",Manchester Utd,30-154,5,0,63,0,0,0,0,1,0,0.0,0.0
270,jesper lindstrøm,DEN,FW,Everton,24-293,11,6,519,0,0,0,0,0,0,1.4,0.9
271,valentino livramento,ENG,DF,Newcastle Utd,22-036,16,13,"1,134",0,0,0,0,0,0,0.0,0.5
272,sean longstaff,ENG,MF,Newcastle Utd,27-049,15,8,688,0,0,0,0,2,0,0.6,0.2
273,sasa lukic,SRB,MF,Fulham,28-127,11,11,877,0,0,0,0,6,0,0.0,0.5
274,joe lumley,ENG,GK,Southampton,29-307,3,3,270,0,0,0,0,0,0,0.0,0.0
275,massimo luongo,AUS,MF,Ipswich Town,32-084,5,2,143,0,0,0,0,0,0,0.0,0.0
276,ian maatsen,NED,DF,Aston Villa,22-283,13,2,290,0,0,0,0,1,0,0.1,1.1
277,alexis mac allister,ARG,MF,Liverpool,25-360,14,12,986,0,0,0,0,5,0,0.6,1.4
278,james maddison,ENG,MF,Tottenham,28-025,16,13,"1,025",7,4,0,0,3,0,4.5,2.6
279,noni madueke,ENG,FW,Chelsea,22-283,15,13,"1,024",5,3,0,0,3,0,5.0,2.6
280,gabriel magalhaes,BRA,DF,Arsenal,26-365,14,14,"1,178",3,0,0,0,1,0,1.7,0.4
281,edmond-paris maghoma,ENG,MF,Brentford,23-224,2,0,28,0,0,0,0,0,0,0.0,0.0
282,harry maguire,ENG,DF,Manchester Utd,31-288,9,5,450,0,0,0,0,4,0,0.0,0.1
283,kobbie mainoo,ENG,MF,Manchester Utd,19-243,10,9,817,0,0,0,0,5,0,0.2,0.9
284,tyrell malacia,NED,DF,Manchester Utd,25-123,1,1,45,0,0,0,0,1,0,0.0,0.0
285,,,,,,,,,,,,,,,,
286,orel mangala,BEL,MF,Everton,26-275,12,7,676,1,0,0,0,1,0,0.4,0.5
287,ryan manning,IRL,DF,Southampton,28-187,9,9,659,0,0,0,0,1,0,0.1,1.2
288,gabriel martinelli,BRA,"MF,FW",Arsenal,23-183,14,10,856,3,2,0,0,1,0,2.3,1.8
289,emiliano martinez,ARG,GK,Aston Villa,32-107,16,16,"1,395",0,0,0,0,1,0,0.0,0.0
290,lisandro martinez,ARG,DF,Manchester Utd,26-335,13,13,"1,156",0,1,0,0,5,0,0.9,0.7
291,pape matar sarr,SEN,MF,Tottenham,22-095,16,9,854,1,2,0,0,3,0,1.5,1.2
292,jean-philippe mateta,FRA,FW,Crystal Palace,27-173,16,14,"1,173",4,1,1,1,2,0,4.3,1.7
293,stephy mavididi,ENG,"FW,MF",Leicester City,26-201,15,8,760,2,0,0,0,2,0,1.1,1.0
294,konstantinos mavropanos,GRE,DF,West Ham,27-007,13,10,954,0,0,0,0,1,0,0.9,0.3
295,noussair mazraoui,MAR,DF,Manchester Utd,27-034,16,14,"1,159",0,1,0,0,1,0,0.2,0.2
296,bryan mbeumo,CMR,FW,Brentford,25-133,16,16,"1,434",10,2,2,2,2,0,4.8,3.0
297,james mcatee,ENG,"FW,MF",Manchester City,22-061,2,0,2,0,0,0,0,0,0,0.0,0.0
298,kasey mcateer,IRL,"FW,MF",Leicester City,23-026,9,4,334,0,1,0,0,0,0,0.6,0.1
299,alex mccarthy,ENG,GK,Southampton,35-015,4,4,360,0,0,0,0,0,0,0.0,0.0
300,john mcginn,SCO,"FW,MF",Aston Villa,30-061,14,12,977,0,2,0,0,2,0,1.8,2.1
301,dwight mcneil,ENG,"MF,FW",Everton,25-026,13,13,"1,140",3,3,0,0,1,0,0.9,3.5
302,scott mctominay,SCO,MF,Manchester Utd,28-010,2,0,19,0,0,0,0,0,0,0.1,0.0
303,ben mee,ENG,"DF,MF",Brentford,35-088,3,0,9,0,0,0,0,0,0,0.0,0.0
304,jayden meghoma,ENG,DF,Brentford,18-173,1,0,5,0,0,0,0,0,0,0.0,0.0
305,mikel merino,ESP,MF,Arsenal,28-179,9,5,475,1,0,0,0,1,0,1.3,0.8
306,nikola milenkovic,SRB,DF,Nott'ham Forest,27-067,15,15,"1,350",2,1,0,0,2,0,2.5,0.2
307,james milner,ENG,MF,Brighton,38-349,3,3,169,0,0,0,0,1,0,0.2,0.2
308,tyrone mings,ENG,DF,Aston Villa,31-280,1,1,90,0,0,0,0,0,0,0.2,0.0
309,yankuba minteh,GAM,"FW,MF",Brighton,20-149,11,6,512,2,1,0,0,2,0,1.2,1.6
310,tyrick mitchell,ENG,DF,Crystal Palace,25-108,16,16,"1,384",0,2,0,0,2,0,0.3,2.7
311,,,,,,,,,,,,,,,,
312,kaoru mitoma,JPN,"FW,MF",Brighton,27-212,16,15,"1,363",3,2,0,0,0,0,3.9,3.4
313,jakub moder,POL,MF,Brighton,25-255,2,0,5,0,0,0,0,0,0,0.0,0.0
314,mikey moore,ENG,FW,Tottenham,17-129,4,1,85,0,0,0,0,0,0,0.0,0.0
315,morato,BRA,DF,Nott'ham Forest,23-171,9,0,174,0,0,0,0,0,0,0.0,0.0
316,alex moreno,ESP,DF,Nott'ham Forest,31-193,11,10,788,0,1,0,0,2,0,0.2,1.0
317,sam morsy,EGY,MF,Ipswich Town,33-099,15,15,"1,343",1,1,0,0,4,0,0.3,0.5
318,yerson mosquera,COL,DF,Wolves,23-230,5,5,441,0,0,0,0,2,0,0.3,0.1
319,mason mount,ENG,"MF,FW",Manchester Utd,25-343,8,4,247,0,0,0,0,2,0,0.4,0.1
320,mykhailo mudryk,UKR,FW,Chelsea,23-348,7,1,151,0,0,0,0,0,0,0.3,1.0
321,rodrigo muniz,BRA,FW,Fulham,23-228,15,4,472,2,1,0,0,1,0,1.9,0.6
322,daniel munoz,COL,DF,Crystal Palace,28-206,16,16,"1,353",2,1,0,0,5,0,2.7,1.7
323,arijanet muric,KVX,GK,Ipswich Town,26-041,15,15,"1,350",0,0,0,0,1,0,0.0,0.0
324,murillo,BRA,DF,Nott'ham Forest,22-167,16,16,"1,417",1,0,0,0,2,0,1.0,0.9
325,jacob murphy,ENG,FW,Newcastle Utd,29-298,13,9,714,2,4,0,0,2,0,1.7,2.2
326,vitaliy mykolenko,UKR,DF,Everton,25-203,13,13,"1,105",0,0,0,0,1,0,0.3,0.3
327,iliman ndiaye,SEN,FW,Everton,24-287,15,13,"1,166",2,0,0,0,1,0,1.1,0.6
328,wilfred ndidi,NGA,MF,Leicester City,28-002,15,15,"1,215",0,4,0,0,4,0,1.4,1.4
329,kosta nedeljkovic,SRB,DF,Aston Villa,19-002,3,0,96,0,0,0,0,0,0,0.0,0.0
330,reiss nelson,ENG,FW,Arsenal,25-008,1,0,3,0,0,0,0,0,0,0.0,0.0
331,reiss nelson,ENG,FW,Fulham,25-008,11,5,487,1,1,0,0,1,0,1.1,1.0
332,neto,BRA,GK,Bournemouth,35-152,2,2,180,0,0,0,0,0,0,0.0,0.0
333,pedro neto,POR,FW,Chelsea,24-284,13,7,733,1,2,0,0,5,0,0.5,2.4
334,eddie nketiah,ENG,"MF,FW",Crystal Palace,25-202,11,6,549,0,1,0,0,2,0,1.4,1.3
335,christopher nkunku,FRA,FW,Chelsea,27-034,15,2,305,2,1,0,0,1,0,3.0,1.5
336,matheus nunes,POR,"MF,FW",Manchester City,26-113,12,6,530,0,3,0,0,1,0,0.2,1.9
337,,,,,,,,,,,,,,,,
338,darwin nunez,URU,FW,Liverpool,25-177,12,6,645,2,2,0,0,4,0,2.2,0.9
339,ethan nwaneri,ENG,"MF,FW",Arsenal,17-272,9,0,112,1,0,0,0,0,0,0.2,0.2
340,christian nørgaard,DEN,MF,Brentford,30-283,13,13,"1,064",1,2,0,0,2,1,1.7,0.4
341,jake o'brien,IRL,DF,Everton,23-217,2,0,36,0,0,0,0,1,0,0.0,0.0
342,matt o'riley,DEN,MF,Brighton,24-027,5,2,221,1,0,0,0,1,0,0.7,0.4
343,dara o'shea,IRL,DF,Ipswich Town,25-289,13,13,"1,142",0,0,0,0,3,0,0.6,0.0
344,wilson odobert,FRA,FW,Tottenham,20-020,3,2,162,0,0,0,0,0,0,0.4,0.1
345,chiedozie ogbene,IRL,FW,Ipswich Town,27-231,5,3,238,0,0,0,0,0,0,0.0,0.1
346,caleb okoli,ITA,DF,Leicester City,23-158,10,9,784,0,0,0,0,2,0,0.1,0.0
347,robin olsen,SWE,GK,Aston Villa,34-345,1,0,45,0,0,0,0,0,0,0.0,0.0
348,amadou onana,BEL,MF,Aston Villa,23-124,11,10,720,2,0,0,0,3,0,1.6,0.1
349,andre onana,CMR,GK,Manchester Utd,28-260,16,16,"1,440",0,0,0,0,0,0,0.0,0.2
350,paul onuachu,NGA,FW,Southampton,30-204,6,1,114,0,0,0,0,1,0,0.1,0.0
351,frank onyeka,NGA,MF,Brentford,26-352,2,0,25,0,0,0,0,0,0,0.0,0.0
352,stefan ortega,GER,GK,Manchester City,32-042,3,3,270,0,0,0,0,0,0,0.0,0.0
353,william osula,DEN,"FW,MF",Newcastle Utd,21-136,5,0,30,0,0,0,0,0,0,0.0,0.1
354,dango ouattara,BFA,"FW,DF",Bournemouth,22-311,13,5,612,2,2,0,0,0,0,3.3,3.2
355,cole palmer,ENG,MF,Chelsea,22-226,16,16,"1,387",11,6,3,3,3,0,10.3,5.9
356,emerson palmieri,ITA,DF,West Ham,30-137,15,14,"1,105",1,1,0,0,5,0,1.1,1.0
357,lucas paqueta,BRA,MF,West Ham,27-113,16,13,"1,124",3,0,2,2,4,0,3.4,1.7
358,thomas partey,GHA,"MF,DF",Arsenal,31-188,15,13,"1,219",2,1,0,0,2,0,1.2,1.3
359,nathan patterson,SCO,DF,Everton,23-063,1,0,18,0,0,0,0,0,0,0.0,0.2
360,andreas pereira,BRA,MF,Fulham,28-352,15,13,"1,011",2,0,0,1,5,0,2.8,2.0
361,ricardo pereira,POR,DF,Leicester City,31-073,2,2,146,0,0,0,0,1,0,0.0,0.0
362,kalvin phillips,ENG,MF,Ipswich Town,29-016,7,7,537,0,0,0,0,3,1,0.3,0.1
363,,,,,,,,,,,,,,,,
364,jaden philogene bidace,ENG,"FW,MF",Aston Villa,22-314,11,2,332,0,0,0,0,4,1,0.5,0.3
365,jordan pickford,ENG,GK,Everton,30-286,15,15,"1,350",0,0,0,0,2,0,0.0,0.0
366,ethan pinnock,JAM,DF,Brentford,31-203,16,16,"1,440",2,0,0,0,2,0,0.9,1.2
367,daniel podence,POR,"MF,FW",Wolves,29-058,2,0,48,0,0,0,0,0,0,0.0,0.0
368,alfie pond,ENG,DF,Wolves,20-292,1,0,1,0,0,0,0,0,0,0.0,0.0
369,nick pope,ENG,GK,Newcastle Utd,32-243,15,15,"1,350",0,0,0,0,2,0,0.0,0.0
370,pedro porro,ESP,DF,Tottenham,25-096,16,14,"1,348",2,2,0,0,2,0,1.2,1.5
371,jarell quansah,ENG,DF,Liverpool,21-324,4,2,174,0,0,0,0,1,0,0.0,0.0
372,aaron ramsdale,ENG,GK,Southampton,26-218,9,9,810,0,0,0,0,1,0,0.0,0.0
373,jacob ramsey,ENG,"FW,MF",Aston Villa,23-204,10,7,633,0,2,0,0,1,0,0.7,1.3
374,marcus rashford,ENG,"FW,MF",Manchester Utd,27-048,15,12,978,4,1,0,0,2,0,1.7,2.1
375,david raya,ESP,GK,Arsenal,29-094,16,16,"1,440",0,0,0,0,2,0,0.0,0.0
376,harrison reed,ENG,MF,Fulham,29-326,8,0,61,0,0,0,0,2,0,0.0,0.1
377,bobby reid,JAM,"FW,MF",Leicester City,31-320,11,2,240,1,0,0,0,0,0,0.7,0.1
378,chadi riad,MAR,DF,Crystal Palace,21-184,1,1,90,0,0,0,0,0,0,0.0,0.0
379,declan rice,ENG,MF,Arsenal,25-339,14,14,"1,163",0,2,0,0,5,1,1.0,2.8
380,chris richards,USA,DF,Crystal Palace,24-265,6,4,355,0,0,0,0,1,0,0.1,0.0
381,richarlison,BRA,FW,Tottenham,27-222,5,0,90,0,1,0,0,1,0,0.2,0.8
382,andrew robertson,SCO,DF,Liverpool,30-282,14,13,"1,041",0,0,0,0,1,1,0.5,2.2
383,antonee robinson,USA,DF,Fulham,27-132,16,16,"1,440",0,6,0,0,3,0,0.3,2.5
384,rodri,ESP,MF,Manchester City,28-179,2,1,65,0,0,0,0,0,0,0.0,0.0
385,guido rodriguez,ARG,MF,West Ham,30-250,14,11,823,0,0,0,0,4,0,0.1,0.1
386,mads roerslev,DEN,DF,Brentford,25-177,12,5,542,0,1,0,0,1,0,0.0,1.8
387,morgan rogers,ENG,"MF,FW",Aston Villa,22-145,16,16,"1,311",4,2,0,0,4,0,3.2,3.3
388,cristian romero,ARG,DF,Tottenham,26-235,12,12,974,1,0,0,0,1,0,1.1,0.5
389,,,,,,,,,,,,,,,,
390,georginio rutter,FRA,"FW,MF",Brighton,22-242,15,12,924,2,2,0,0,2,0,2.6,1.3
391,jose sa,POR,GK,Wolves,31-336,9,9,810,0,0,0,0,1,0,0.0,0.1
392,bukayo saka,ENG,"FW,MF",Arsenal,23-104,15,15,"1,245",5,10,1,1,3,0,4.2,5.8
393,mohamed salah,EGY,FW,Liverpool,32-186,15,15,"1,316",13,9,4,4,1,0,10.6,5.6
394,william saliba,FRA,DF,Arsenal,23-269,15,15,"1,289",2,0,0,0,2,1,1.9,0.5
395,robert sanchez,ESP,GK,Chelsea,27-030,15,15,"1,350",0,0,0,0,4,0,0.0,0.0
396,jadon sancho,ENG,FW,Chelsea,24-268,10,7,580,2,3,0,0,1,0,0.7,2.0
397,ibrahim sangare,CIV,MF,Nott'ham Forest,27-016,3,3,212,0,0,0,0,2,0,0.0,0.0
398,pablo sarabia,ESP,"MF,FW",Wolves,32-221,5,2,181,1,0,0,0,1,0,1.4,0.4
399,jeremy sarmiento,ECU,MF,Brighton,22-185,1,0,9,0,0,0,0,0,0,0.0,0.0
400,ismaila sarr,SEN,"MF,FW",Crystal Palace,26-297,16,9,915,3,2,0,0,3,0,3.0,2.7
401,savio,BRA,"FW,MF",Manchester City,20-252,13,9,713,0,2,0,0,2,0,2.1,3.5
402,oliver scarles,ENG,DF,West Ham,19-006,1,0,16,0,0,0,0,0,0,0.0,0.0
403,kevin schade,GER,"FW,MF",Brentford,23-021,16,7,678,4,2,0,0,2,0,3.5,1.1
404,fabian schar,SUI,DF,Newcastle Utd,32-364,14,14,"1,197",2,0,0,0,4,1,1.1,0.2
405,jeffrey schlupp,GHA,"MF,DF",Crystal Palace,31-361,10,0,92,0,0,0,0,0,0,0.1,0.1
406,alex scott,ENG,MF,Bournemouth,21-119,8,2,263,0,0,0,0,0,0,0.1,0.2
407,matz sels,BEL,GK,Nott'ham Forest,32-296,16,16,"1,440",0,0,0,0,2,0,0.0,0.0
408,nelson semedo,POR,DF,Wolves,31-032,13,13,"1,139",0,2,0,0,5,0,0.4,1.2
409,antoine semenyo,GHA,FW,Bournemouth,24-346,15,15,"1,298",4,1,0,0,5,0,4.8,2.8
410,marcos senesi,ARG,DF,Bournemouth,27-222,11,11,917,0,0,0,0,4,0,0.8,0.4
411,ryan sessegnon,ENG,MF,Fulham,24-214,1,0,5,0,0,0,0,0,0,0.0,0.0
412,luke shaw,ENG,DF,Manchester Utd,29-159,2,0,70,0,0,0,0,0,0,0.0,0.0
413,bernardo silva,POR,"MF,FW",Manchester City,30-130,16,14,"1,286",1,4,0,0,4,0,2.4,3.7
414,jota silva,POR,"FW,MF",Nott'ham Forest,25-139,15,3,502,0,1,0,0,2,0,0.5,1.3
415,,,,,,,,,,,,,,,,
416,eric da silva moreira,GER,"MF,DF",Nott'ham Forest,18-229,2,0,30,0,0,0,0,0,0,0.0,0.0
417,jahmai simpson-pusey,ENG,DF,Manchester City,19-044,1,1,90,0,0,0,0,1,0,0.0,0.0
418,luis sinisterra,COL,"FW,MF",Bournemouth,25-184,8,1,208,1,1,0,0,0,0,1.1,1.0
419,oliver skipp,ENG,MF,Leicester City,24-093,10,6,637,0,0,0,0,4,0,0.1,0.2
420,william smallbone,IRL,MF,Southampton,24-301,4,3,241,0,0,0,0,0,0,0.3,0.3
421,adam smith,ENG,DF,Bournemouth,33-233,16,11,990,0,0,0,0,3,0,0.6,0.1
422,emile smith rowe,ENG,MF,Fulham,24-143,16,14,"1,090",3,2,0,0,1,0,2.2,1.0
423,dominic solanke,ENG,FW,Tottenham,27-095,13,13,"1,148",5,2,0,0,0,0,7.0,1.6
424,carlos soler,ESP,MF,West Ham,27-351,13,6,607,0,1,0,0,5,0,0.7,0.9
425,ramon sosa,PAR,"FW,MF",Nott'ham Forest,25-109,10,0,150,1,0,0,0,0,0,0.7,0.4
426,tomas soucek,CZE,MF,West Ham,29-295,15,12,"1,075",4,0,0,0,4,0,2.7,0.5
427,boubakary soumare,FRA,MF,Leicester City,25-295,9,5,475,0,0,0,0,5,0,0.1,0.0
428,djed spence,ENG,DF,Tottenham,24-131,5,1,141,0,1,0,0,1,0,0.1,0.5
429,jay stansfield,ENG,MF,Fulham,22-024,1,0,1,0,0,0,0,0,0,0.0,0.0
430,jason steele,ENG,GK,Brighton,34-122,2,2,180,0,0,0,0,0,0,0.0,0.0
431,jack stephens,ENG,DF,Southampton,30-326,10,10,793,0,0,0,0,2,2,0.3,0.1
432,raheem sterling,ENG,"MF,FW",Arsenal,30-010,6,2,148,0,1,0,0,0,0,0.5,0.2
433,ross stewart,SCO,"FW,MF",Southampton,28-160,4,1,132,0,0,0,0,1,0,0.1,0.0
434,john stones,ENG,"DF,MF",Manchester City,30-204,7,3,286,2,0,0,0,1,0,0.4,0.0
435,jørgen strand larsen,NOR,FW,Wolves,24-316,16,16,"1,315",6,2,0,0,2,0,4.1,1.3
436,yukinari sugawara,JPN,DF,Southampton,24-173,14,9,794,1,1,0,0,2,0,0.3,2.0
437,kamaldeen sulemana,GHA,"FW,MF",Southampton,22-307,6,1,64,0,0,0,0,0,0,0.0,0.0
438,crysencio summerville,NED,"FW,MF",West Ham,23-049,15,6,607,1,1,0,0,2,0,1.3,1.5
439,sammie szmodics,IRL,FW,Ipswich Town,29-085,14,10,745,3,0,0,0,2,0,2.9,0.1
440,dominik szoboszlai,HUN,MF,Liverpool,24-054,15,11,"1,028",1,1,0,0,3,0,1.9,2.3
441,,,,,,,,,,,,,,,,
442,james tarkowski,ENG,DF,Everton,32-029,15,15,"1,341",0,0,0,0,3,0,0.7,1.3
443,marcus tavernier,ENG,"FW,MF",Bournemouth,25-271,15,13,"1,140",1,4,0,0,2,0,4.1,2.6
444,charlie taylor,ENG,DF,Southampton,31-091,6,2,221,0,0,0,0,1,0,0.0,0.1
445,jack taylor,IRL,MF,Ipswich Town,26-178,11,1,307,1,0,0,0,3,0,0.5,0.5
446,kenny tete,NED,DF,Fulham,29-070,15,15,"1,262",0,2,0,0,3,0,1.0,0.7
447,thiago,BRA,FW,Brentford,23-175,4,1,132,0,0,0,0,0,0,0.1,0.1
448,luke thomas,ENG,DF,Leicester City,23-191,1,1,90,0,0,0,0,0,0,0.0,0.1
449,youri tielemans,BEL,MF,Aston Villa,27-225,16,16,"1,374",0,4,0,1,3,0,1.4,4.0
450,jurrien timber,NED,DF,Arsenal,23-184,14,13,"1,130",1,1,0,0,3,0,0.7,0.6
451,jean-clair todibo,FRA,DF,West Ham,24-354,11,7,652,0,0,0,0,0,0,0.1,0.0
452,harry toffolo,ENG,DF,Nott'ham Forest,29-121,1,0,37,0,0,0,0,0,0,0.0,0.0
453,takehiro tomiyasu,JPN,DF,Arsenal,26-043,1,0,7,0,0,0,0,0,0,0.2,0.0
454,sandro tonali,ITA,MF,Newcastle Utd,24-224,14,7,741,0,1,0,0,4,0,1.2,0.3
455,pau torres,ESP,DF,Aston Villa,27-337,15,15,"1,350",0,0,0,0,1,0,0.3,0.0
456,conor townsend,ENG,MF,Ipswich Town,31-289,1,0,1,0,0,0,0,0,0,0.0,0.0
457,adama traore,ESP,"FW,MF",Fulham,28-328,15,10,821,1,3,0,0,2,0,2.8,2.2
458,mark travers,IRL,GK,Bournemouth,25-214,3,3,270,0,0,0,0,0,0,0.0,0.0
459,ryan trevitt,ENG,MF,Brentford,21-281,1,0,4,0,0,0,0,0,0,0.0,0.0
460,kieran trippier,ENG,DF,Newcastle Utd,34-090,8,3,321,0,0,0,0,0,0,0.0,0.2
461,leandro trossard,BEL,FW,Arsenal,30-014,16,10,850,3,1,0,0,2,1,2.9,1.7
462,kostas tsimikas,GRE,DF,Liverpool,28-220,6,2,232,0,0,0,0,0,0,0.1,0.5
463,axel tuanzebe,COD,DF,Ipswich Town,27-034,9,9,770,0,0,0,0,3,0,0.2,0.2
464,destiny udogie,ITA,DF,Tottenham,22-020,16,16,"1,301",0,1,0,0,2,0,0.3,1.2
465,manuel ugarte ribeiro,URU,MF,Manchester Utd,23-251,11,6,596,0,0,0,0,3,0,0.0,0.5
466,lesley ugochukwu,FRA,MF,Southampton,20-267,6,2,211,0,0,0,0,1,0,0.2,0.2
467,,,,,,,,,,,,,,,,
468,enes unal,TUR,"FW,MF",Bournemouth,27-222,13,1,225,2,1,0,0,1,0,2.2,0.2
469,virgil van dijk,NED,DF,Liverpool,33-163,15,15,"1,350",1,1,0,0,1,0,0.9,0.3
470,jamie vardy,ENG,FW,Leicester City,37-342,15,15,"1,191",6,3,1,1,4,0,4.7,2.0
471,renato veiga,POR,"DF,MF",Chelsea,21-142,7,1,181,0,0,0,0,2,0,0.2,0.0
472,joel veltman,NED,DF,Brighton,32-338,11,11,956,0,0,0,0,1,0,0.1,0.3
473,micky van de ven,NED,DF,Tottenham,23-243,9,9,788,0,2,0,0,4,0,0.4,1.2
474,bart verbruggen,NED,GK,Brighton,22-122,14,14,"1,260",0,0,0,0,2,0,0.0,0.0
475,jannik vestergaard,DEN,DF,Leicester City,32-137,8,7,645,0,0,0,0,2,0,0.0,0.0
476,guglielmo vicario,ITA,GK,Tottenham,28-072,12,12,"1,080",0,0,0,0,1,0,0.0,0.0
477,kyle walker,ENG,DF,Manchester City,34-204,12,9,874,0,0,0,0,2,0,0.1,0.4
478,kyle walker-peters,ENG,DF,Southampton,27-249,14,14,"1,250",0,2,0,0,3,0,0.3,1.6
479,christian walton,ENG,GK,Ipswich Town,29-039,1,1,90,0,0,0,0,0,0,0.0,0.0
480,aaron wan-bissaka,ENG,DF,West Ham,27-022,15,14,"1,264",2,0,0,0,0,0,0.6,0.5
481,danny ward,WAL,GK,Leicester City,31-179,1,0,45,0,0,0,0,0,0,0.0,0.0
482,james ward-prowse,ENG,MF,West Ham,30-047,1,0,18,0,0,0,0,0,0,0.0,0.0
483,james ward-prowse,ENG,MF,Nott'ham Forest,30-047,6,5,379,0,0,0,0,2,1,0.1,0.1
484,ollie watkins,ENG,FW,Aston Villa,28-354,16,14,"1,126",7,3,1,1,0,0,8.7,1.6
485,adam webster,ENG,DF,Brighton,29-349,3,2,79,0,0,0,0,0,0,0.0,0.0
486,danny welbeck,ENG,FW,Brighton,34-022,14,13,"1,112",6,2,0,0,1,0,5.6,0.5
487,timo werner,GER,"FW,MF",Tottenham,28-287,13,3,400,0,3,0,0,0,0,1.0,2.5
488,adam wharton,ENG,MF,Crystal Palace,20-199,8,8,622,0,0,0,0,0,0,0.2,0.6
489,ben white,ENG,DF,Arsenal,27-071,9,7,695,0,1,0,0,2,0,0.1,0.4
490,mats wieffer,NED,MF,Brighton,25-032,12,3,416,0,1,0,0,2,0,0.3,0.6
491,neco williams,WAL,DF,Nott'ham Forest,23-249,13,6,649,0,0,0,0,4,0,0.7,0.3
492,joe willock,ENG,"MF,FW",Newcastle Utd,25-120,13,5,462,0,1,0,0,2,0,0.5,1.1
493,,,,,,,,,,,,,,,,
494,callum wilson,ENG,"FW,MF",Newcastle Utd,32-295,4,0,61,0,0,0,0,1,0,0.0,0.0
495,harry wilson,WAL,"FW,MF",Fulham,27-271,12,2,337,3,0,0,0,2,0,1.5,0.0
496,harry winks,ENG,MF,Leicester City,28-320,11,10,865,0,2,0,0,3,0,0.2,1.0
497,yoane wissa,COD,FW,Brentford,28-106,13,12,957,9,1,0,0,1,0,6.3,0.7
498,chris wood,NZL,FW,Nott'ham Forest,33-011,16,15,"1,236",10,0,2,2,1,0,6.2,1.0
499,nathan wood-gordon,ENG,DF,Southampton,22-201,3,2,256,0,0,0,0,1,0,0.2,0.0
500,luke woolfenden,ENG,DF,Ipswich Town,26-058,5,4,378,0,0,0,0,1,0,0.0,0.0
501,yehor yarmoliuk,UKR,MF,Brentford,20-292,12,4,396,0,0,0,0,1,0,0.4,0.1
502,ryan yates,ENG,MF,Nott'ham Forest,27-027,16,12,"1,191",1,0,0,0,4,0,1.7,0.7
503,leny yoro,FRA,DF,Manchester Utd,19-035,3,1,109,0,0,0,0,0,0,0.0,0.0
504,ashley young,ENG,DF,Everton,39-162,13,13,"1,127",1,3,0,0,4,1,0.2,1.1
505,illia zabarnyi,UKR,DF,Bournemouth,22-108,16,16,"1,440",0,0,0,0,2,0,0.4,0.2
506,oleksandr zinchenko,UKR,"DF,MF",Arsenal,28-003,6,2,238,0,0,0,0,1,0,0.1,0.0
507,joshua zirkzee,NED,"FW,MF",Manchester Utd,23-210,16,5,607,3,1,0,0,1,0,3.0,0.8
